term,stem,count,sample_size,ratio,google_w2v_x,google_w2v_y
"immigrants","immigr",2807,10000,0.2807,-0.509637514183,1.30976003653
"anti-immigrant","anti-immigr",512,10000,0.0512,,
"eu","eu",339,10000,0.0339,2.09856181128,0.323371345288
"brexit","brexit",258,10000,0.0258,,
"uk","uk",256,10000,0.0256,2.20045172046,-0.430035014446
"trump","trump",237,10000,0.0237,-0.312892791832,-0.537987659668
"britain","britain",209,10000,0.0209,1.84522453709,0.506254564188
"illegal","illeg",197,10000,0.0197,-0.380066268674,-0.272528641386
"european","european",182,10000,0.0182,2.09666730551,0.0315595357521
"muslim","muslim",170,10000,0.017,1.21437675364,1.09202493342
"british","british",149,10000,0.0149,2.11383047103,0.0210221384221
"election","elect",131,10000,0.0131,-0.721095100644,0.862790001908
"germany","germani",115,10000,0.0115,2.25985993048,0.0406092877597
"refugees","refuge",111,10000,0.0111,-0.530000197985,1.03180119047
"le","le",107,10000,0.0107,1.28519136168,-0.711893189354
"pen","pen",107,10000,0.0107,-0.017054324852,-0.475442234897
"france","franc",105,10000,0.0105,2.18877271891,-0.155990785037
"europe","europ",105,10000,0.0105,2.36504686389,0.0222977305219
"campaign","campaign",97,10000,0.0097,-0.709200616604,-0.0674469307698
"nationals","nation",89,10000,0.0089,-0.496269421981,0.29386499649
"wilders","wilder",85,10000,0.0085,,
"far-right","far-right",82,10000,0.0082,,
"french","french",81,10000,0.0081,1.80530485986,-0.212428696501
"economic","econom",81,10000,0.0081,-0.560060616202,0.321990883831
"london","london",80,10000,0.008,2.2872329773,-0.217924807401
"netherlands","netherland",78,10000,0.0078,1.42193120951,-0.112038081122
"undocumented","undocu",78,10000,0.0078,-0.319435918844,0.645892176183
"populist","populist",76,10000,0.0076,-0.824587596699,1.25458144579
"dutch","dutch",75,10000,0.0075,1.71954110604,-0.127430731227
"minister","minist",75,10000,0.0075,-0.557805602265,0.360218257461
"german","german",73,10000,0.0073,2.16365511391,-0.235634048151
"leader","leader",72,10000,0.0072,-0.57582423828,-0.201930348616
"american","american",69,10000,0.0069,1.94039328258,0.0396822665386
"democrats","democrat",64,10000,0.0064,0.308687105408,1.46058609478
"united","unit",64,10000,0.0064,-0.265869904121,0.203677147495
"borders","border",64,10000,0.0064,-0.353226102175,0.331961502317
"merkel's","merkel",63,10000,0.0063,,
"migrants","migrant",62,10000,0.0062,-0.469995777905,1.25080117381
"referendum","referendum",59,10000,0.0059,-0.653381560567,0.727647887478
"rhetoric","rhetor",59,10000,0.0059,-0.780572176059,1.09932291097
"america","america",59,10000,0.0059,2.2381893986,0.186096451998
"children","children",58,10000,0.0058,-0.482268061768,0.0261996383383
"freedom","freedom",57,10000,0.0057,-0.274921699369,0.42600713353
"economy","economi",55,10000,0.0055,-0.576217969506,0.43578225141
"crimes","crime",55,10000,0.0055,-0.49706129132,0.379786180848
"polls","poll",53,10000,0.0053,-0.764946146546,0.78816197725
"miller","miller",53,10000,0.0053,0.98660081634,-0.240533339606
"marine","marin",52,10000,0.0052,-0.151185709946,-0.411182902741
"ban","ban",52,10000,0.0052,-0.501902606908,-0.573996924504
"afd","afd",50,10000,0.005,,
"deported","deport",48,10000,0.0048,-0.631164879814,0.765430067486
"troublesome","troublesom",48,10000,0.0048,-0.536102240083,-0.490346490899
"nationalist","nationalist",47,10000,0.0047,-0.470139707753,1.58906514152
"conservative","conserv",47,10000,0.0047,-0.64927869468,0.750792495539
"ireland","ireland",46,10000,0.0046,2.10810867688,-0.164652582719
"anti-muslim","anti-muslim",43,10000,0.0043,,
"crisis","crisi",43,10000,0.0043,-0.559029614874,0.32211579103
"migration","migrat",43,10000,0.0043,-0.196664015266,0.0592693347975
"media","media",42,10000,0.0042,-0.317289217604,-0.0950681281766
"country's","countri",42,10000,0.0042,0.510241649746,0.0572320486228
"theresa","theresa",42,10000,0.0042,0.491197326485,-0.315556368938
"irish","irish",41,10000,0.0041,1.63739134889,0.0363892707833
"facebook","facebook",40,10000,0.004,0.731514718643,0.0211117262679
"donald","donald",40,10000,0.004,1.22719963675,-0.224324839403
"macron","macron",39,10000,0.0039,0.210926433342,-0.283866246781
"indian","indian",39,10000,0.0039,1.97525744451,-0.0568142386736
"students","student",38,10000,0.0038,-0.65142517655,0.133636183367
"parliament","parliament",38,10000,0.0038,-0.262546928243,1.01223826913
"philipps","philipp",38,10000,0.0038,,
"hostile","hostil",37,10000,0.0037,-0.619519749089,0.100837964398
"visa","visa",37,10000,0.0037,-0.314058619936,0.475192483448
"racist","racist",37,10000,0.0037,-0.112525764395,0.960729712329
"values","valu",37,10000,0.0037,-0.455650763543,0.119316139543
"bloody","bloodi",36,10000,0.0036,-0.0884255176031,0.0630785497726
"5,000","5,000",36,10000,0.0036,,
"accidentally","accident",35,10000,0.0035,-0.242743838099,-0.695514692424
"davids","david",35,10000,0.0035,,
"populism","popul",35,10000,0.0035,-0.498025025188,1.59779475303
"ukip","ukip",34,10000,0.0034,,
"welfare","welfar",34,10000,0.0034,-0.372445792204,0.580820433152
"tories","tori",31,10000,0.0031,1.19942586383,0.903026689231
"geert","geert",31,10000,0.0031,,
"racism","racism",30,10000,0.003,-0.388121425942,1.16290516392
"education","educ",30,10000,0.003,-0.389508191641,0.0976659847176
"integrated","integr",30,10000,0.003,-0.224307974267,-0.535668383044
"independence","independ",29,10000,0.0029,-0.333413061806,0.689383724462
"terrorist","terrorist",29,10000,0.0029,-0.343366081976,0.858425311921
"arriving","arriv",29,10000,0.0029,-0.448122999,-0.5323570957
"nhs","nhs",28,10000,0.0028,0.915046277849,-0.221102612257
"stinking","stink",27,10000,0.0027,0.292260249034,-0.156974530457
"eastern","eastern",27,10000,0.0027,-0.19731687462,-0.154635075523
"victory","victori",27,10000,0.0027,-0.8354003408,-0.351424998772
"native","nativ",27,10000,0.0027,-0.449135501296,-0.323269299323
"right-wing","right-w",27,10000,0.0027,-0.00643810184881,1.29683506614
"viscount","viscount",26,10000,0.0026,0.281268235484,-0.0659602466136
"brussels","brussel",26,10000,0.0026,0.788434970527,0.0613349630757
"english","english",26,10000,0.0026,1.69667996658,0.0324350552878
"tax","tax",26,10000,0.0026,-0.473884915264,0.197540098297
"supporters","support",26,10000,0.0026,-0.689569111383,0.112410499046
"mosques","mosqu",26,10000,0.0026,-0.114743842464,0.813272716288
"criminal","crimin",26,10000,0.0026,-0.601759304315,0.205644862458
"foreigners","foreign",26,10000,0.0026,-0.218559464562,0.628602446628
"influx","influx",25,10000,0.0025,-0.63800356461,-0.267935911891
"western","western",25,10000,0.0025,-0.203118230496,-0.13355153322
"terrorism","terror",25,10000,0.0025,-0.426477439589,1.12312635543
"bundestag","bundestag",25,10000,0.0025,,
"islamic","islam",25,10000,0.0025,1.4102112002,0.825427622899
"turkish","turkish",25,10000,0.0025,1.17393077601,0.00104802937685
"anti","anti",25,10000,0.0025,-0.294649323213,0.0905286131246
"globalization","global",25,10000,0.0025,-0.18835738932,0.754793884237
"agenda","agenda",24,10000,0.0024,-0.624568158319,0.38355453939
"citizenship","citizenship",24,10000,0.0024,-0.571734297944,1.03203339057
"england","england",24,10000,0.0024,2.42640833584,-0.0142738241712
"minorities","minor",24,10000,0.0024,-0.455352107423,0.843673446057
"asylum","asylum",23,10000,0.0023,-0.377884818412,1.16287313385
"farage","farag",23,10000,0.0023,,
"jungles","jungl",23,10000,0.0023,-0.241671323198,0.103908064997
"turkey","turkey",22,10000,0.0022,0.065601856884,-0.221727599308
"anti-eu","anti-eu",22,10000,0.0022,,
"pledge","pledg",22,10000,0.0022,-0.571821622557,-0.213982602591
"resentment","resent",22,10000,0.0022,-0.735818364696,0.690001911408
"allegedly","alleg",22,10000,0.0022,-0.469772844972,-0.675891257698
"polish","polish",22,10000,0.0022,-0.068156454862,-0.598718443981
"gina","gina",22,10000,0.0022,1.22323930865,-0.398673426499
"coalition","coalit",22,10000,0.0022,-0.710908882091,0.646216666621
"mainstream","mainstream",22,10000,0.0022,-0.251469097926,0.305827406913
"presidential","presidenti",21,10000,0.0021,-0.534888798098,0.612399075621
"varadkar","varadkar",21,10000,0.0021,,
"sector","sector",21,10000,0.0021,-0.316177000717,0.0211543295075
"families","famili",21,10000,0.0021,-0.615597754513,0.0437614580997
"african","african",21,10000,0.0021,1.95090490838,0.122977081297
"welcoming","welcom",21,10000,0.0021,-0.654257150799,-0.440919113432
"embrace","embrac",21,10000,0.0021,-0.689479124026,-0.438117830328
"rutte","rutt",21,10000,0.0021,,
"focused","focus",20,10000,0.002,-0.632975495111,-0.783244786292
"pro-immigrant","pro-immigr",20,10000,0.002,,
"australia","australia",20,10000,0.002,2.46011786347,-0.28698096491
"may's","may",20,10000,0.002,0.468062325238,-0.228370458558
"opinion","opinion",20,10000,0.002,-0.29336748912,0.00112700738855
"calling","call",20,10000,0.002,-0.293365550908,-0.61027962973
"jumper","jumper",19,10000,0.0019,-0.545516175222,-0.352165891833
"italy","itali",19,10000,0.0019,2.11801467486,-0.0345609131375
"refuse","refus",19,10000,0.0019,-0.303218591966,-0.317717650361
"northern","northern",19,10000,0.0019,-0.348856801243,-0.307892053243
"corbyn","corbyn",19,10000,0.0019,,
"backlash","backlash",19,10000,0.0019,-0.867456780111,0.109732406406
"mexican","mexican",19,10000,0.0019,1.94466290032,-0.146161315229
"celebrating","celebr",19,10000,0.0019,-0.549405072519,-0.687935019544
"anti-islam","anti-islam",18,10000,0.0018,,
"tweeted","tweet",18,10000,0.0018,0.422967813819,-0.591050680316
"mexico","mexico",18,10000,0.0018,2.47099448888,-0.0869577277531
"spain","spain",18,10000,0.0018,2.17924862543,-0.184566160497
"asian","asian",18,10000,0.0018,1.7714069251,-0.185005324408
"photo","photo",18,10000,0.0018,-0.183718834013,-0.532541343102
"passport","passport",17,10000,0.0017,-0.316802767384,0.328996183723
"contribution","contribut",17,10000,0.0017,-0.454740992868,-0.42413145805
"predicted","predict",17,10000,0.0017,-0.635442672916,-0.641924456838
"hungary","hungari",17,10000,0.0017,0.650659131413,-0.287361710966
"abuse","abus",17,10000,0.0017,-0.427394825665,0.0238417007075
"russia","russia",17,10000,0.0017,2.06826334708,0.105009432509
"jewish","jewish",17,10000,0.0017,1.50647090903,0.651419018193
"branded","brand",17,10000,0.0017,-0.203404589939,-0.692726548911
"restricting","restrict",17,10000,0.0017,-0.401284804983,-0.767837351548
"scientific","scientif",17,10000,0.0017,-0.185030821286,-0.120043045296
"dreamers","dreamer",17,10000,0.0017,-0.157669066247,0.124266734239
"ethnic","ethnic",17,10000,0.0017,-0.350889522049,0.869136479539
"michael","michael",17,10000,0.0017,2.25051985527,-0.380048986112
"rhodri","rhodri",17,10000,0.0017,,
"detention","detent",17,10000,0.0017,-0.628425262524,0.334725879229
"child","child",17,10000,0.0017,-0.399059330696,0.0213395150864
"presidency","presid",17,10000,0.0017,-0.578702526051,1.05638656745
"targeting","target",17,10000,0.0017,-0.454228457221,-0.828090488649
"post-brexit","post-brexit",16,10000,0.0016,,
"seekers","seeker",16,10000,0.0016,-0.0329815704804,-0.00820826340855
"radical","radic",16,10000,0.0016,-0.52527641383,0.524290720073
"poland","poland",16,10000,0.0016,1.24308325997,0.0205511274526
"mps","mps",16,10000,0.0016,1.00798864246,0.115836262182
"fuels","fuel",16,10000,0.0016,-0.439016486604,-0.38705821793
"stance","stanc",16,10000,0.0016,-0.628089411506,-0.057014337785
"blamed","blame",16,10000,0.0016,-0.807473851119,-0.827317839059
"elites","elit",16,10000,0.0016,-0.088557334203,1.07655474155
"non-eu","non-eu",16,10000,0.0016,,
"diverse","divers",16,10000,0.0016,-0.564358522231,-0.29616949066
"climate","climat",16,10000,0.0016,-0.362362517774,0.138399240139
"tolerated","toler",16,10000,0.0016,-0.409803744834,-0.0625967172107
"italian","italian",15,10000,0.0015,2.02703173484,-0.273179424636
"relies","reli",15,10000,0.0015,-0.589175983844,-0.956011197102
"university","univers",15,10000,0.0015,-0.424994017039,0.0402994990181
"emmanuel","emmanuel",15,10000,0.0015,,
"tower","tower",15,10000,0.0015,-0.411441809201,-0.527274969003
"4th","4th",15,10000,0.0015,-0.0196246827923,-0.524279422394
"bbc","bbc",15,10000,0.0015,2.01412683855,0.213463886845
"arguing","argu",15,10000,0.0015,-0.578259454269,-0.419979346594
"surge","surg",15,10000,0.0015,-0.550089965854,-0.532328457286
"checks","check",15,10000,0.0015,-0.537743877605,-0.434365113141
"funding","fund",15,10000,0.0015,-0.600745628266,-0.244249687048
"violence","violenc",15,10000,0.0015,-0.723436333535,0.704251774869
"boost","boost",15,10000,0.0015,-0.617851414294,-0.983172541035
"residency","resid",15,10000,0.0015,-0.660626306512,0.195677895442
"reuters","reuter",15,10000,0.0015,1.10995918621,-0.204319483818
"berlin","berlin",14,10000,0.0014,1.58457587253,-0.0798552206921
"sweden","sweden",14,10000,0.0014,1.9587684216,0.0833643720966
"commit","commit",14,10000,0.0014,-0.504097720834,-0.688904893421
"first-generation","first-gener",14,10000,0.0014,,
"politician","politician",14,10000,0.0014,-0.508745865823,0.985449139166
"judge","judg",14,10000,0.0014,-0.510465525848,-0.281268683825
"reject","reject",14,10000,0.0014,-0.617462174931,-0.313089145852
"exploit","exploit",14,10000,0.0014,-0.290782326539,-0.58355426726
"threaten","threaten",14,10000,0.0014,-0.526119685206,-0.671051457591
"leo","leo",14,10000,0.0014,1.5234864412,-0.380249265271
"government's","govern",14,10000,0.0014,-0.443600705598,0.425880559057
"year's","year",14,10000,0.0014,-0.478176591034,-0.459552152057
"scapegoats","scapegoat",14,10000,0.0014,-0.661119706211,0.408369435742
"negotiating","negoti",14,10000,0.0014,-0.8329350614,-0.688027976033
"lord","lord",14,10000,0.0014,0.553632528771,-0.0537797875418
"stoked","stoke",14,10000,0.0014,-0.302849930052,-0.476517779955
"angela","angela",14,10000,0.0014,1.08469503937,-0.367024667941
"healthcare","healthcar",14,10000,0.0014,-0.15836626388,0.0153956897282
"unskilled","unskil",13,10000,0.0013,-0.0883287066945,0.278454220659
"centrist","centrist",13,10000,0.0013,-0.761724039384,1.5351544255
"headline","headlin",13,10000,0.0013,-0.274519291183,-0.117542105894
"syrian","syrian",13,10000,0.0013,0.57382796898,0.039566344536
"quit","quit",13,10000,0.0013,-0.358132002976,-0.541635457745
"prejudice","prejudic",13,10000,0.0013,-0.455287637299,0.628792753179
"backgrounds","background",13,10000,0.0013,-0.367377250843,0.100158308983
"protections","protect",13,10000,0.0013,-0.543925905022,-0.291059604366
"rallying","ralli",13,10000,0.0013,-0.645695436396,-0.341804365986
"paris","pari",13,10000,0.0013,1.91081713927,-0.301493594029
"republicans","republican",13,10000,0.0013,0.527110004731,1.17363427288
"advocated","advoc",13,10000,0.0013,-0.764122258211,-0.34244382124
"progressive","progress",13,10000,0.0013,-0.253565377024,0.363811610681
"britons","briton",13,10000,0.0013,,
"xenophobic","xenophob",12,10000,0.0012,-0.356899878528,1.45092134353
"imported","import",12,10000,0.0012,-0.174047994868,-0.233625680836
"nigel","nigel",12,10000,0.0012,1.03490616547,-0.293988045533
"jews","jew",12,10000,0.0012,1.4626837942,0.863225361315
"scotland","scotland",12,10000,0.0012,1.81603008481,-0.192361457736
"divisions","divis",12,10000,0.0012,-0.437508576235,-0.142240157471
"emigrant","emigr",12,10000,0.0012,-0.369966991037,0.664149335829
"unemployed","unemploy",12,10000,0.0012,-0.494643413513,0.462532426895
"linked","link",12,10000,0.0012,-0.436291320625,-0.863472836992
"activists","activist",12,10000,0.0012,-0.640023871758,0.417012259243
"messages","messag",12,10000,0.0012,-0.561639830479,-0.299084780806
"austria","austria",12,10000,0.0012,0.970578566907,-0.243863118512
"blair","blair",12,10000,0.0012,1.22885418963,0.0010106749419
"document","document",12,10000,0.0012,-0.403111705958,-0.187247159932
"pro-brexit","pro-brexit",12,10000,0.0012,,
"talks","talk",12,10000,0.0012,-0.669929388293,-0.460760207352
"scapegoating","scapego",12,10000,0.0012,-0.617820645755,0.55312773344
"parliamentary","parliamentari",12,10000,0.0012,-0.416605306707,0.956022867856
"chancellor","chancellor",12,10000,0.0012,-0.582790255998,0.47434385774
"counts","count",12,10000,0.0012,-0.507831237924,-0.679656743207
"bloc","bloc",12,10000,0.0012,-0.373083961809,0.829206639744
"employers","employ",12,10000,0.0012,-0.547919146011,0.179516680002
"vowed","vow",12,10000,0.0012,-0.732897761857,-0.441743449856
"outrage","outrag",12,10000,0.0012,-0.76122701267,0.301619361543
"eurosceptic","euroscept",12,10000,0.0012,-0.171488544787,1.95849421475
"multicultural","multicultur",12,10000,0.0012,-0.451943691341,0.458188030859
"violent","violent",11,10000,0.0011,-0.577842316943,0.293205379802
"brits","brit",11,10000,0.0011,1.36286222048,0.223096373979
"deputy","deputi",11,10000,0.0011,-0.507332799857,-0.228169799375
"politically","polit",11,10000,0.0011,-0.870381398122,0.861306390167
"seats","seat",11,10000,0.0011,-0.544783405533,0.265804460023
"jeremy","jeremi",11,10000,0.0011,1.40441199781,-0.316667042506
"promoting","promot",11,10000,0.0011,-0.456253043503,-0.709214807458
"league","leagu",11,10000,0.0011,-0.278541981211,-0.280528446742
"canada","canada",11,10000,0.0011,2.36194042727,-0.374335021275
"assault","assault",11,10000,0.0011,-0.663327410781,-0.459729917912
"turks","turk",11,10000,0.0011,0.735165880331,-0.0293364280495
"solidarity","solidar",11,10000,0.0011,-0.51386729058,0.5811097305
"party's","parti",11,10000,0.0011,0.545433447519,0.641639005684
"implement","implement",11,10000,0.0011,-0.556418336706,-0.535050815991
"convicted","convict",11,10000,0.0011,-0.70583080002,-0.333855025584
"college","colleg",11,10000,0.0011,-0.315987122036,-0.0512972416261
"grenfell","grenfel",11,10000,0.0011,,
"sentiments","sentiment",11,10000,0.0011,-0.645474664383,0.378599317542
"senate","senat",11,10000,0.0011,-0.103243809919,0.554235015182
"moroccan","moroccan",11,10000,0.0011,0.550349026478,-0.0143698504731
"manifesto","manifesto",11,10000,0.0011,-0.495861018786,0.582300854864
"photograph","photograph",11,10000,0.0011,-0.410417068499,-0.432869105971
"manchester","manchest",11,10000,0.0011,1.7153272158,-0.418802912383
"ensure","ensur",11,10000,0.0011,-0.515912684192,-0.608124495643
"warnings","warn",11,10000,0.0011,-0.520514301489,-0.500924064674
"outsiders","outsid",11,10000,0.0011,-0.43616604315,0.122218355864
"journalist","journalist",11,10000,0.0011,-0.376428308322,0.353927362071
"anti-european","anti-european",11,10000,0.0011,,
"praised","prais",11,10000,0.0011,-1.01975766307,-0.900390348893
"menacing","menac",11,10000,0.0011,-0.408412248833,-0.316342169846
"guardian","guardian",11,10000,0.0011,-0.141330287523,-0.180240401072
"africa","africa",11,10000,0.0011,2.1793527274,0.0254508943346
"christian","christian",11,10000,0.0011,1.36482281537,0.709807528417
"cabinet","cabinet",10,10000,0.001,-0.286543178758,0.140536523249
"riot","riot",10,10000,0.001,-0.26361540459,0.163063966979
"hire","hire",10,10000,0.001,-0.34873,-0.682999550043
"toxic","toxic",10,10000,0.001,-0.172732724999,-0.090983259797
"aliens","alien",10,10000,0.001,0.169388461671,0.415383429831
"victims","victim",10,10000,0.001,-0.53074316991,0.0131419478363
"flood","flood",10,10000,0.001,-0.407672234664,-0.111576480971
"aristocrat","aristocrat",10,10000,0.001,-0.0110354873012,0.37387560589
"aftermath","aftermath",10,10000,0.001,-0.534267353584,-0.253408443242
"introduce","introduc",10,10000,0.001,-0.562922942474,-0.853067804636
"sube","sube",10,10000,0.001,,
"chips","chip",10,10000,0.001,-0.100182418934,-0.578120942669
"bannon","bannon",10,10000,0.001,,
"pakistani","pakistani",10,10000,0.001,1.47088966345,0.160176203329
"claiming","claim",10,10000,0.001,-0.315634345709,-0.619008508035
"smith","smith",10,10000,0.001,1.49150680735,-0.46540257509
"india","india",10,10000,0.001,2.39857629797,-0.0784477846126
"economists","economist",10,10000,0.001,-0.537922749237,0.811512513764
"mp","mp",10,10000,0.001,1.55940359263,0.031416958934
"neighborhoods","neighborhood",10,10000,0.001,-0.581382411545,0.0920835136191
"accuses","accus",10,10000,0.001,-0.878640108055,-0.817293997567
"frustration","frustrat",10,10000,0.001,-0.771827111537,-0.175594214135
"van","van",10,10000,0.001,-0.0663453621742,-0.410421728104
"stirring","stir",10,10000,0.001,-0.569560182409,-0.292831590206
"behave","behav",10,10000,0.001,-0.115255034296,-0.247129623783
"khan","khan",10,10000,0.001,1.30963691411,-0.135928824306
"agreement","agreement",10,10000,0.001,-0.624201566057,-0.605282197362
"spike","spike",10,10000,0.001,-0.487251155885,-0.65181042941
"institute","institut",10,10000,0.001,-0.478551178745,-0.153070984318
"washington","washington",10,10000,0.001,2.1317926664,0.0666437318773
"pipelines","pipelin",10,10000,0.001,-0.468921308257,-0.0476498593708
"guarantees","guarante",10,10000,0.001,-0.509445834657,-0.547251888973
"premier","premier",10,10000,0.001,-0.350366179601,-0.561433008607
"tens","ten",10,10000,0.001,-0.484279682529,-0.327643836634
"nordstream","nordstream",10,10000,0.001,,
"scots","scot",10,10000,0.001,0.861044219002,0.126112176748
"deter","deter",10,10000,0.001,-0.564113975119,-0.722415084289
"undermines","undermin",10,10000,0.001,-0.551430257886,-0.337663257297
"anti-semitism","anti-semit",10,10000,0.001,-0.207361135858,1.70025115176
"remind","remind",10,10000,0.001,-0.470318533789,-0.581585550209
"generational","generat",10,10000,0.001,-0.638704707753,0.443847535026
"xenophobia","xenophobia",9,10000,0.0009,-0.336960375587,1.5857836825
"nurses","nurs",9,10000,0.0009,-0.452824488197,0.0308034925073
"describing","describ",9,10000,0.0009,-0.470126550676,-0.600918810027
"romania","romania",9,10000,0.0009,0.75271535769,-0.106583601267
"euroskeptic","euroskept",9,10000,0.0009,-0.260949976976,1.200112681
"protested","protest",9,10000,0.0009,-0.68030609681,-0.623108020826
"bankers","banker",9,10000,0.0009,-0.265872059418,0.176786680567
"deliver","deliv",9,10000,0.0009,-0.521872770687,-0.771581582794
"stealing","steal",9,10000,0.0009,-0.297091200231,-0.677312784496
"defended","defend",9,10000,0.0009,-0.675420405363,-0.81321978739
"customs","custom",9,10000,0.0009,-0.15182903428,0.170676169492
"portrayed","portray",9,10000,0.0009,-0.761788492945,-0.36062784343
"labor","labor",9,10000,0.0009,-0.411298277018,0.207393152102
"challenged","challeng",9,10000,0.0009,-0.737404656093,-0.628276069236
"highlights","highlight",9,10000,0.0009,-0.326853675076,-0.785685166097
"suggesting","suggest",9,10000,0.0009,-0.339645762784,-0.469221917203
"failings","fail",9,10000,0.0009,-0.523050944126,-0.133545748433
"electoral","elector",9,10000,0.0009,-0.547278081084,1.24709751758
"murdering","murder",9,10000,0.0009,-0.416913270285,-0.252941521329
"travelers","travel",9,10000,0.0009,-0.456980127493,0.177811546291
"sanctions","sanction",9,10000,0.0009,-0.66638683061,0.125018524549
"recruited","recruit",9,10000,0.0009,-0.605531816051,-0.662989895798
"hague","hagu",9,10000,0.0009,,
"seemingly","seem",9,10000,0.0009,-0.500386069953,-0.390507970364
"founder","founder",9,10000,0.0009,-0.641323065987,-0.5781595498
"criticised","criticis",9,10000,0.0009,,
"ideology","ideolog",9,10000,0.0009,-0.445148721949,1.34364839907
"pvv","pvv",9,10000,0.0009,,
"cheered","cheer",9,10000,0.0009,-0.618683158419,-0.755956061296
"referring","refer",9,10000,0.0009,-0.598762296819,-0.617472226319
"granting","grant",9,10000,0.0009,-0.461664711035,-0.441626164431
"romanian","romanian",9,10000,0.0009,1.09384731627,0.00911974191224
"working-class","working-class",9,10000,0.0009,-0.133360114851,0.270865648942
"obama","obama",9,10000,0.0009,2.19141422799,0.681744799643
"inviting","invit",9,10000,0.0009,-0.471602129001,-0.633344956174
"czech","czech",9,10000,0.0009,0.763369868746,-0.293742290739
"low-skilled","low-skil",9,10000,0.0009,,
"recognise","recognis",9,10000,0.0009,,
"legally","legal",9,10000,0.0009,-0.279963664764,-0.151037460615
"pro-european","pro-european",9,10000,0.0009,,
"depriving","depriv",9,10000,0.0009,-0.49189060831,-0.645561394964
"billionaire","billionair",8,10000,0.0008,-0.509949016542,-0.0578484354906
"steve","steve",8,10000,0.0008,2.16760746577,-0.358399096945
"koran","koran",8,10000,0.0008,0.804460652875,0.328704936682
"drastic","drastic",8,10000,0.0008,-0.665689858801,-0.378631507803
"echo","echo",8,10000,0.0008,-0.508178522736,-0.243253610875
"locals","local",8,10000,0.0008,-0.26213146395,-0.0790243216511
"raging","rage",8,10000,0.0008,-0.164760273317,-0.17326798926
"disruptive","disrupt",8,10000,0.0008,-0.632565136869,-0.545385814349
"fabric","fabric",8,10000,0.0008,-0.24177463682,-0.135308750155
"shuttering","shutter",8,10000,0.0008,-0.628853327001,-0.623119333279
"colour","colour",8,10000,0.0008,,
"organisation","organis",8,10000,0.0008,,
"wider","wider",8,10000,0.0008,-0.454367199211,-0.262913154989
"tony","toni",8,10000,0.0008,0.393355930721,-0.402976933125
"raping","rape",8,10000,0.0008,-0.592205875981,-0.431241212385
"arnold","arnold",8,10000,0.0008,1.13486301565,-0.244723080747
"islamophobic","islamophob",8,10000,0.0008,-0.0253161936754,0.213811113276
"withdraw","withdraw",8,10000,0.0008,-0.586375978663,-0.469426031494
"non-british","non-british",8,10000,0.0008,,
"appalled","appal",8,10000,0.0008,-0.508521253489,-0.261691928417
"clash","clash",8,10000,0.0008,-0.609739782095,-0.380749854748
"shocking","shock",8,10000,0.0008,-0.490474879495,-0.346974663953
"westminster","westminst",8,10000,0.0008,0.700501890963,-0.0251336555463
"online","onlin",8,10000,0.0008,0.0412316302682,-0.461164622665
"pushing","push",8,10000,0.0008,-0.515234426875,-0.623861324828
"asia","asia",8,10000,0.0008,2.02914709964,-0.0204795689292
"kenny","kenni",8,10000,0.0008,1.49056302302,-0.272244104258
"feeding","feed",8,10000,0.0008,-0.316952885436,-0.541641461087
"cooperation","cooper",8,10000,0.0008,-0.581767005494,0.00217206117415
"appealed","appeal",8,10000,0.0008,-0.937280163304,-0.552050755756
"tabloid","tabloid",8,10000,0.0008,-0.301692418439,0.0266084720933
"arab","arab",8,10000,0.0008,1.56173998964,0.249420490063
"initially","initi",8,10000,0.0008,-0.654758354856,-0.595262663401
"catastrophe","catastroph",8,10000,0.0008,-0.425334495095,0.226503153242
"vulnerable","vulner",8,10000,0.0008,-0.551248264292,-0.441241145414
"fuelling","fuell",8,10000,0.0008,,
"predominantly","predomin",8,10000,0.0008,-0.386582752479,-0.221538593725
"native-born","native-born",8,10000,0.0008,,
"descendants","descend",8,10000,0.0008,-0.312503442282,0.277236036246
"god","god",8,10000,0.0008,0.662014962563,-0.11616046242
"liberalism","liber",8,10000,0.0008,-0.278974790645,1.51423547034
"ignoring","ignor",8,10000,0.0008,-0.497635386688,-0.367760190865
"centre","centr",8,10000,0.0008,,
"rival","rival",8,10000,0.0008,-0.526280222103,-0.565726832456
"extremism","extrem",8,10000,0.0008,-0.462245205705,1.80190883124
"philip","philip",8,10000,0.0008,0.965756672668,-0.388466918517
"assimilate","assimil",8,10000,0.0008,-0.357164958404,0.136508856577
"cultures","cultur",8,10000,0.0008,-0.230475466345,0.369293085124
"website","websit",8,10000,0.0008,-0.0576037229177,-0.513445314651
"second-generation","second-gener",8,10000,0.0008,,
"quota","quota",8,10000,0.0008,-0.0893355553379,0.066015709656
"demonize","demon",8,10000,0.0008,-0.51319580482,0.341335920465
"popularity","popular",7,10000,0.0007,-0.556393076864,-0.0183317229355
"center-right","center-right",7,10000,0.0007,,
"caribbean","caribbean",7,10000,0.0007,1.51498203839,-0.315119257109
"stagnation","stagnat",7,10000,0.0007,-0.380587610288,0.405947049795
"tan","tan",7,10000,0.0007,0.124975025809,-0.233533464092
"gaps","gap",7,10000,0.0007,-0.479343060256,-0.419299695097
"adopt","adopt",7,10000,0.0007,-0.445724482743,-0.47289919748
"globalisation","globalis",7,10000,0.0007,,
"risks","risk",7,10000,0.0007,-0.484882799835,-0.403931577025
"brothers","brother",7,10000,0.0007,-0.381841997367,-0.152169420176
"austerity","auster",7,10000,0.0007,-0.263917337435,1.07491264154
"dangers","danger",7,10000,0.0007,-0.546725923125,-0.32141946056
"holland","holland",7,10000,0.0007,1.37639922531,-0.227839598754
"rapists","rapist",7,10000,0.0007,-0.121839122192,0.42346401681
"de","de",7,10000,0.0007,0.595038499879,-0.687442030705
"momentum","momentum",7,10000,0.0007,-0.889371896016,-0.353396851032
"dieselgate","dieselg",7,10000,0.0007,,
"perceived","perceiv",7,10000,0.0007,-0.498064623608,-0.205992955237
"responding","respond",7,10000,0.0007,-0.742203446096,-0.648515435673
"inciting","incit",7,10000,0.0007,-0.52375375254,-0.030751263599
"researchers","research",7,10000,0.0007,-0.403912360742,-0.271993293677
"ballot","ballot",7,10000,0.0007,-0.865112297714,0.318450772786
"paddington","paddington",7,10000,0.0007,,
"tide","tide",7,10000,0.0007,-0.369651984459,-0.0225784938008
"tourist","tourist",7,10000,0.0007,-0.325721480226,0.108762050992
"academics","academ",7,10000,0.0007,-0.439496240673,0.191546345592
"fleeing","flee",7,10000,0.0007,-0.627674957794,-0.163535536593
"aggressive","aggress",7,10000,0.0007,-0.618138345998,-0.546495168814
"administration's","administr",7,10000,0.0007,-0.512561914456,0.456452543884
"indefinite","indefinit",7,10000,0.0007,-0.467063357885,-0.473495098066
"2,000","2,000",7,10000,0.0007,,
"undercutting","undercut",7,10000,0.0007,-0.493624437651,-0.539540530382
"sikhs","sikh",7,10000,0.0007,1.07215190686,0.602086028899
"anti-establishment","anti-establish",7,10000,0.0007,-1.1774235622,1.00774268371
"capitalize","capit",7,10000,0.0007,-0.689568556936,-0.876660625917
"constituency","constitu",7,10000,0.0007,-0.414217758645,0.75749045768
"nuttall","nuttal",7,10000,0.0007,,
"sweeping","sweep",7,10000,0.0007,-0.581995626081,-0.291076155761
"1,000","1,000",7,10000,0.0007,,
"priority","prioriti",7,10000,0.0007,-0.694731819031,-0.5495745268
"city's","citi",7,10000,0.0007,0.352387697429,-0.316470778825
"fringe","fring",7,10000,0.0007,-0.27890922166,0.171462964214
"slams","slam",7,10000,0.0007,-0.334536446869,-0.937607047873
"euro","euro",7,10000,0.0007,0.17734423433,0.453918623791
"wars","war",7,10000,0.0007,0.0739982475236,0.236249543953
"mayor","mayor",7,10000,0.0007,-0.616934496468,0.232636427919
"commonwealth","commonwealth",7,10000,0.0007,-0.153130353203,-0.00754938116029
"getty","getti",7,10000,0.0007,0.240328511816,-0.354768929268
"deficit","deficit",7,10000,0.0007,-0.659872341792,0.265375419783
"tensions","tension",7,10000,0.0007,-0.96441764063,0.516385153033
"tech","tech",7,10000,0.0007,-0.0535692195147,-0.376743311945
"inquiry","inquiri",7,10000,0.0007,-0.634672207562,-0.219824417136
"resonates","reson",7,10000,0.0007,-0.856483527334,-0.224382460358
"exit","exit",7,10000,0.0007,-0.46737212661,-0.57147729512
"congress","congress",7,10000,0.0007,0.156961195636,0.449416202834
"kicks","kick",7,10000,0.0007,-0.276676755399,-0.782906723671
"asylum-seekers","asylum-seek",7,10000,0.0007,,
"opal","opal",7,10000,0.0007,0.199140643026,-0.377033118741
"retain","retain",7,10000,0.0007,-0.537259377923,-0.712823284681
"shortages","shortag",7,10000,0.0007,-0.77618264397,-0.170020963527
"poisonous","poison",7,10000,0.0007,-0.18304481555,0.144045083207
"catholic","cathol",7,10000,0.0007,0.581470241863,0.617700889363
"struggles","struggl",7,10000,0.0007,-0.679461989381,-0.259723428127
"spreading","spread",7,10000,0.0007,-0.30370836175,-0.414497922137
"resort","resort",7,10000,0.0007,-0.384611010418,-0.428244697936
"destination","destin",7,10000,0.0007,-0.321377152774,-0.511284368844
"pakistan","pakistan",7,10000,0.0007,2.07200181473,0.390103120781
"hateful","hate",7,10000,0.0007,-0.35402964776,0.813974062777
"posed","pose",7,10000,0.0007,-0.609323271887,-0.768490894449
"prosperity","prosper",7,10000,0.0007,-0.516801035703,0.582638342281
"forgotten","forgotten",7,10000,0.0007,-0.34504704273,-0.154757252906
"pandering","pander",7,10000,0.0007,-0.436442407039,0.594228523632
"demonising","demonis",7,10000,0.0007,,
"scottish","scottish",7,10000,0.0007,1.3743405043,0.130226283229
"john","john",7,10000,0.0007,1.49972172926,-0.42610524095
