sentence,bias_composite,norm_figurative_cnt,norm_word_cnt,norm_self_refer_cnt,norm_attribution_cnt,norm_certainty,norm_doubt_cnt,norm_quote_length,norm_vader_senti_abs,norm_value_cnt,norm_partisan_cnt,norm_neg_persp,norm_presup_cnt
economy,0.7696850000000001,0.0,0.6945620873617947,0.0,1.931187600189581,0.8526061551447182,0.0,0.0,0.0,0.0,0.0,0.0,0.0
brexit,0.8114750000000001,0.0,0.6945620873617947,0.0,0.0,0.8526061551447182,0.0,0.0,0.0,0.0,0.0,0.0,0.0
uk,0.8114750000000001,0.0,0.6945620873617947,0.0,0.0,0.8526061551447182,0.0,0.0,0.0,0.0,0.0,0.0,0.0
britain's,0.8114750000000001,0.0,0.6945620873617947,0.0,0.0,0.8526061551447182,0.0,0.0,0.0,0.0,0.0,0.0,0.0
eu,0.8114750000000001,0.0,0.6945620873617947,0.0,0.0,0.8526061551447182,0.0,0.0,0.0,0.0,0.0,0.0,0.0
economic,0.79844,0.0,0.6945620873617947,0.0,1.931187600189581,0.8526061551447182,0.0,0.0,0.0,0.0,1.328817885701158,0.0,0.0
british,0.84023,0.0,0.6945620873617947,0.0,0.0,0.8526061551447182,0.0,0.0,0.0,0.0,1.328817885701158,0.0,0.0
european,0.8114750000000001,0.0,0.6945620873617947,0.0,0.0,0.8526061551447182,0.0,0.0,0.0,0.0,0.0,0.0,0.0
global,0.8114750000000001,0.0,0.6945620873617947,0.0,0.0,0.8526061551447182,0.0,0.0,0.0,0.0,0.0,0.0,0.0
sector,0.7696850000000001,0.0,0.6945620873617947,0.0,1.931187600189581,0.8526061551447182,0.0,0.0,0.0,0.0,0.0,0.0,0.0
minister,0.9292940000000001,0.0,0.6945620873617947,0.0,0.0,0.8526061551447182,0.0,0.0,0.0,5.44461813512171,0.0,0.0,0.0
europe,0.8114750000000001,0.0,0.6945620873617947,0.0,0.0,0.8526061551447182,0.0,0.0,0.0,0.0,0.0,0.0,0.0
inflation,0.8114750000000001,0.0,0.6945620873617947,0.0,0.0,0.8526061551447182,0.0,0.0,0.0,0.0,0.0,0.0,0.0
forecasts,0.8114750000000001,0.0,0.6945620873617947,0.0,0.0,0.8526061551447182,0.0,0.0,0.0,0.0,0.0,0.0,0.0
london,0.8114750000000001,0.0,0.6945620873617947,0.0,0.0,0.8526061551447182,0.0,0.0,0.0,0.0,0.0,0.0,0.0
dialogos,0.8114750000000001,0.0,0.6945620873617947,0.0,0.0,0.8526061551447182,0.0,0.0,0.0,0.0,0.0,0.0,0.0
immigration,0.8114750000000001,0.0,0.6945620873617947,0.0,0.0,0.8526061551447182,0.0,0.0,0.0,0.0,0.0,0.0,0.0
boost,0.9515801588,0.0,0.6945620873617947,0.0,0.0,0.8526061551447182,0.0,0.0,1.0995473918457503,5.44461813512171,0.0,0.0,0.0
tax,0.84023,0.0,0.6945620873617947,0.0,0.0,0.8526061551447182,0.0,0.0,0.0,0.0,1.328817885701158,0.0,0.0
crisis,1.0691436057,0.0,0.6945620873617947,0.0,0.0,0.8526061551447182,0.0,0.0,1.6783341334961812,5.44461813512171,0.0,4.343729955111828,0.0
england,0.8114750000000001,0.0,0.6945620873617947,0.0,0.0,0.8526061551447182,0.0,0.0,0.0,0.0,0.0,0.0,0.0
uncertainty,1.03490062,0.0,0.6945620873617947,0.0,0.0,0.8526061551447182,0.0,0.0,0.9337065755628411,5.44461813512171,0.0,3.787218259758127,0.0
election,0.8114750000000001,0.0,0.6945620873617947,0.0,0.0,0.8526061551447182,0.0,0.0,0.0,0.0,0.0,0.0,0.0
euro,0.8114750000000001,0.0,0.6945620873617947,0.0,0.0,0.8526061551447182,0.0,0.0,0.0,0.0,0.0,0.0,0.0
greece,0.8114750000000001,0.0,0.6945620873617947,0.0,0.0,0.8526061551447182,0.0,0.0,0.0,0.0,0.0,0.0,0.0
referendum,0.8114750000000001,0.0,0.6945620873617947,0.0,0.0,0.8526061551447182,0.0,0.0,0.0,0.0,0.0,0.0,0.0
greek,0.8114750000000001,0.0,0.6945620873617947,0.0,0.0,0.8526061551447182,0.0,0.0,0.0,0.0,0.0,0.0,0.0
economists,0.7696850000000001,0.0,0.6945620873617947,0.0,1.931187600189581,0.8526061551447182,0.0,0.0,0.0,0.0,0.0,0.0,0.0
world's,0.8114750000000001,0.0,0.6945620873617947,0.0,0.0,0.8526061551447182,0.0,0.0,0.0,0.0,0.0,0.0,0.0
reuters,0.8114750000000001,0.0,0.6945620873617947,0.0,0.0,0.8526061551447182,0.0,0.0,0.0,0.0,0.0,0.0,0.0
hammond,0.8114750000000001,0.0,0.6945620873617947,0.0,0.0,0.8526061551447182,0.0,0.0,0.0,0.0,0.0,0.0,0.0
gdp,0.8114750000000001,0.0,0.6945620873617947,0.0,0.0,0.8526061551447182,0.0,0.0,0.0,0.0,0.0,0.0,0.0
german,0.8114750000000001,0.0,0.6945620873617947,0.0,0.0,0.8526061551447182,0.0,0.0,0.0,0.0,0.0,0.0,0.0
trump,0.9292940000000001,0.0,0.6945620873617947,0.0,0.0,0.8526061551447182,0.0,0.0,0.0,5.44461813512171,0.0,0.0,0.0
slowing,0.8114750000000001,0.0,0.6945620873617947,0.0,0.0,0.8526061551447182,0.0,0.0,0.0,0.0,0.0,0.0,0.0
debt,1.0374487116,0.0,0.6945620873617947,0.0,0.0,0.8526061551447182,0.0,0.0,0.9907152930340036,5.44461813512171,0.0,3.832080127829919,0.0
tories,0.8114750000000001,0.0,0.6945620873617947,0.0,0.0,0.8526061551447182,0.0,0.0,0.0,0.0,0.0,0.0,0.0
germany,0.8114750000000001,0.0,0.6945620873617947,0.0,0.0,0.8526061551447182,0.0,0.0,0.0,0.0,0.0,0.0,0.0
exports,0.8114750000000001,0.0,0.6945620873617947,0.0,0.0,0.8526061551447182,0.0,0.0,0.0,0.0,0.0,0.0,0.0
eurozone,0.8114750000000001,0.0,0.6945620873617947,0.0,0.0,0.8526061551447182,0.0,0.0,0.0,0.0,0.0,0.0,0.0
monetary,0.8114750000000001,0.0,0.6945620873617947,0.0,0.0,0.8526061551447182,0.0,0.0,0.0,0.0,0.0,0.0,0.0
ireland,0.84023,0.0,0.6945620873617947,0.0,0.0,0.8526061551447182,0.0,0.0,0.0,0.0,1.328817885701158,0.0,0.0
united,0.9526670180000001,0.0,0.6945620873617947,0.0,0.0,0.8526061551447182,0.0,0.0,1.1516507687071031,5.44461813512171,0.0,0.0,0.0
damaging,1.0554055458,0.0,0.6945620873617947,0.0,0.0,0.8526061551447182,0.0,0.0,1.3857135167866819,5.44461813512171,0.0,4.1324194516304384,0.0
macron,0.8114750000000001,0.0,0.6945620873617947,0.0,0.0,0.8526061551447182,0.0,0.0,0.0,0.0,0.0,0.0,0.0
china,0.84023,0.0,0.6945620873617947,0.0,0.0,0.8526061551447182,0.0,0.0,0.0,0.0,1.328817885701158,0.0,0.0
investors,0.8114750000000001,0.0,0.6945620873617947,0.0,0.0,0.8526061551447182,0.0,0.0,0.0,0.0,0.0,0.0,0.0
predicted,0.869683,0.0,0.6945620873617947,0.0,0.0,0.4518749321348435,0.0,0.0,0.0,0.0,0.0,0.0,2.263680894838158
hellenic,0.8114750000000001,0.0,0.6945620873617947,0.0,0.0,0.8526061551447182,0.0,0.0,0.0,0.0,0.0,0.0,0.0
momentum,0.8114750000000001,0.0,0.6945620873617947,0.0,0.0,0.8526061551447182,0.0,0.0,0.0,0.0,0.0,0.0,0.0
strength,0.9566817428000001,0.0,0.6945620873617947,0.0,0.0,0.8526061551447182,0.0,0.0,1.342212791628659,5.44461813512171,0.0,0.0,0.0
faster,0.8114750000000001,0.0,0.6945620873617947,0.0,0.0,0.8526061551447182,0.0,0.0,0.0,0.0,0.0,0.0,0.0
chancellor,0.8114750000000001,0.0,0.6945620873617947,0.0,0.0,0.8526061551447182,0.0,0.0,0.0,0.0,0.0,0.0,0.0
theresa,0.8114750000000001,0.0,0.6945620873617947,0.0,0.0,0.8526061551447182,0.0,0.0,0.0,0.0,0.0,0.0,0.0
campaign,0.8114750000000001,0.0,0.6945620873617947,0.0,0.0,0.8526061551447182,0.0,0.0,0.0,0.0,0.0,0.0,0.0
conservative,0.84023,0.0,0.6945620873617947,0.0,0.0,0.8526061551447182,0.0,0.0,0.0,0.0,1.328817885701158,0.0,0.0
french,0.8114750000000001,0.0,0.6945620873617947,0.0,0.0,0.8526061551447182,0.0,0.0,0.0,0.0,0.0,0.0,0.0
austerity,0.8114750000000001,0.0,0.6945620873617947,0.0,0.0,0.8526061551447182,0.0,0.0,0.0,0.0,0.0,0.0,0.0
deliver,0.8114750000000001,0.0,0.6945620873617947,0.0,0.0,0.8526061551447182,0.0,0.0,0.0,0.0,0.0,0.0,0.0
invest,0.8114750000000001,0.0,0.6945620873617947,0.0,0.0,0.8526061551447182,0.0,0.0,0.0,0.0,0.0,0.0,0.0
imf,0.8114750000000001,0.0,0.6945620873617947,0.0,0.0,0.8526061551447182,0.0,0.0,0.0,0.0,0.0,0.0,0.0
country's,0.8114750000000001,0.0,0.6945620873617947,0.0,0.0,0.8526061551447182,0.0,0.0,0.0,0.0,0.0,0.0,0.0
corbyn,0.8114750000000001,0.0,0.6945620873617947,0.0,0.0,0.8526061551447182,0.0,0.0,0.0,0.0,0.0,0.0,0.0
recession,1.0446963495000001,0.0,0.6945620873617947,0.0,0.0,0.8526061551447182,0.0,0.0,1.1516507687071031,5.44461813512171,0.0,3.9566262927590654,0.0
consumers,0.7696850000000001,0.0,0.6945620873617947,0.0,1.931187600189581,0.8526061551447182,0.0,0.0,0.0,0.0,0.0,0.0,0.0
boe,0.8114750000000001,0.0,0.6945620873617947,0.0,0.0,0.8526061551447182,0.0,0.0,0.0,0.0,0.0,0.0,0.0
scottish,0.8114750000000001,0.0,0.6945620873617947,0.0,0.0,0.8526061551447182,0.0,0.0,0.0,0.0,0.0,0.0,0.0
polls,0.8114750000000001,0.0,0.6945620873617947,0.0,0.0,0.8526061551447182,0.0,0.0,0.0,0.0,0.0,0.0,0.0
independent,0.9292940000000001,0.0,0.6945620873617947,0.0,0.0,0.8526061551447182,0.0,0.0,0.0,5.44461813512171,0.0,0.0,0.0
nations,0.8114750000000001,0.0,0.6945620873617947,0.0,0.0,0.8526061551447182,0.0,0.0,0.0,0.0,0.0,0.0,0.0
exit,0.8114750000000001,0.0,0.6945620873617947,0.0,0.0,0.8526061551447182,0.0,0.0,0.0,0.0,0.0,0.0,0.0
nhs,0.8114750000000001,0.0,0.6945620873617947,0.0,0.0,0.8526061551447182,0.0,0.0,0.0,0.0,0.0,0.0,0.0
resilient,0.9292940000000001,0.0,0.6945620873617947,0.0,0.0,0.8526061551447182,0.0,0.0,0.0,5.44461813512171,0.0,0.0,0.0
unemployment,1.0051779972,0.0,0.6945620873617947,0.0,1.931187600189581,0.8526061551447182,0.0,0.0,1.201692956931141,5.44461813512171,0.0,3.9947344599755374,0.0
risks,1.0268717276000001,0.0,0.6945620873617947,0.0,0.0,0.8526061551447182,0.0,0.0,0.7527978421346976,5.44461813512171,0.0,3.642199734750355,0.0
carney,0.8114750000000001,0.0,0.6945620873617947,0.0,0.0,0.8526061551447182,0.0,0.0,0.0,0.0,0.0,0.0,0.0
david,0.8114750000000001,0.0,0.6945620873617947,0.0,0.0,0.8526061551447182,0.0,0.0,0.0,0.0,0.0,0.0,0.0
industries,0.7696850000000001,0.0,0.6945620873617947,0.0,1.931187600189581,0.8526061551447182,0.0,0.0,0.0,0.0,0.0,0.0,0.0
negotiating,0.7696850000000001,0.0,0.6945620873617947,0.0,1.931187600189581,0.8526061551447182,0.0,0.0,0.0,0.0,0.0,0.0,0.0
deficit,1.0423405666999999,0.0,0.6945620873617947,0.0,0.0,0.8526061551447182,0.0,0.0,1.0995473918457503,5.44461813512171,0.0,3.9166390837265177,0.0
scenario,0.8114750000000001,0.0,0.6945620873617947,0.0,0.0,0.8526061551447182,0.0,0.0,0.0,0.0,0.0,0.0,0.0
currency,0.8114750000000001,0.0,0.6945620873617947,0.0,0.0,0.8526061551447182,0.0,0.0,0.0,0.0,0.0,0.0,0.0
talks,0.8114750000000001,0.0,0.6945620873617947,0.0,0.0,0.8526061551447182,0.0,0.0,0.0,0.0,0.0,0.0,0.0
employers,0.7696850000000001,0.0,0.6945620873617947,0.0,1.931187600189581,0.8526061551447182,0.0,0.0,0.0,0.0,0.0,0.0,0.0
agreement,0.9566817428000001,0.0,0.6945620873617947,0.0,0.0,0.8526061551447182,0.0,0.0,1.342212791628659,5.44461813512171,0.0,0.0,0.0
scotland,0.8114750000000001,0.0,0.6945620873617947,0.0,0.0,0.8526061551447182,0.0,0.0,0.0,0.0,0.0,0.0,0.0
post-brexit,0.825199,0.0,1.1446760164015142,0.0,0.0,0.8526061551447182,0.0,0.0,0.0,0.0,1.328817885701158,0.0,0.0
migration,0.84023,0.0,0.6945620873617947,0.0,0.0,0.8526061551447182,0.0,0.0,0.0,0.0,1.328817885701158,0.0,0.0
productivity,0.7696850000000001,0.0,0.6945620873617947,0.0,1.931187600189581,0.8526061551447182,0.0,0.0,0.0,0.0,0.0,0.0,0.0
france,0.84023,0.0,0.6945620873617947,0.0,0.0,0.8526061551447182,0.0,0.0,0.0,0.0,1.328817885701158,0.0,0.0
wider,0.8114750000000001,0.0,0.6945620873617947,0.0,0.0,0.8526061551447182,0.0,0.0,0.0,0.0,0.0,0.0,0.0
sustainable,0.9292940000000001,0.0,0.6945620873617947,0.0,0.0,0.8526061551447182,0.0,0.0,0.0,5.44461813512171,0.0,0.0,0.0
challenges,0.9520208944,0.0,0.6945620873617947,0.0,0.0,0.0,0.0,0.0,0.2139384772948325,5.44461813512171,0.0,0.0,0.0
education,0.7696850000000001,0.0,0.6945620873617947,0.0,1.931187600189581,0.8526061551447182,0.0,0.0,0.0,0.0,0.0,0.0,0.0
infrastructure,0.8114750000000001,0.0,0.6945620873617947,0.0,0.0,0.8526061551447182,0.0,0.0,0.0,0.0,0.0,0.0,0.0
dialogosmedia@gmail.com,0.8114750000000001,0.0,0.6945620873617947,0.0,0.0,0.8526061551447182,0.0,0.0,0.0,0.0,0.0,0.0,0.0
treasury,0.9405119396,0.0,0.6945620873617947,0.0,0.0,0.8526061551447182,0.0,0.0,0.5589918703728232,5.44461813512171,0.0,0.0,0.0
fastest,0.8114750000000001,0.0,0.6945620873617947,0.0,0.0,0.8526061551447182,0.0,0.0,0.0,0.0,0.0,0.0,0.0
university,0.79844,0.0,0.6945620873617947,0.0,1.931187600189581,0.8526061551447182,0.0,0.0,0.0,0.0,1.328817885701158,0.0,0.0
trillion,0.8160865,0.0,0.6945620873617947,0.0,0.0,0.6611693999572,0.0,0.0,0.0,0.0,0.0,0.0,0.0
wusb,0.8114750000000001,0.0,0.6945620873617947,0.0,0.0,0.8526061551447182,0.0,0.0,0.0,0.0,0.0,0.0,0.0
bloc's,0.8114750000000001,0.0,0.6945620873617947,0.0,0.0,0.8526061551447182,0.0,0.0,0.0,0.0,0.0,0.0,0.0
ensure,0.9504655736000001,0.0,0.6945620873617947,0.0,0.0,0.8526061551447182,0.0,0.0,1.0459042113883992,5.44461813512171,0.0,0.0,0.0
banking,0.8114750000000001,0.0,0.6945620873617947,0.0,0.0,0.8526061551447182,0.0,0.0,0.0,0.0,0.0,0.0,0.0
digital,0.8114750000000001,0.0,0.6945620873617947,0.0,0.0,0.8526061551447182,0.0,0.0,0.0,0.0,0.0,0.0,0.0
contribution,0.9292940000000001,0.0,0.6945620873617947,0.0,0.0,0.8526061551447182,0.0,0.0,0.0,5.44461813512171,0.0,0.0,0.0
hurt,1.0573406531,0.0,0.6945620873617947,0.0,0.0,0.8526061551447182,0.0,0.0,1.4274798866882952,5.44461813512171,0.0,4.163143741668964,0.0
irish,0.84023,0.0,0.6945620873617947,0.0,0.0,0.8526061551447182,0.0,0.0,0.0,0.0,1.328817885701158,0.0,0.0
corporate,0.7696850000000001,0.0,0.6945620873617947,0.0,1.931187600189581,0.8526061551447182,0.0,0.0,0.0,0.0,0.0,0.0,0.0
american,0.84023,0.0,0.6945620873617947,0.0,0.0,0.8526061551447182,0.0,0.0,0.0,0.0,1.328817885701158,0.0,0.0
fundamentals,0.8114750000000001,0.0,0.6945620873617947,0.0,0.0,0.8526061551447182,0.0,0.0,0.0,0.0,0.0,0.0,0.0
democratic,0.9292940000000001,0.0,0.6945620873617947,0.0,0.0,0.8526061551447182,0.0,0.0,0.0,5.44461813512171,0.0,0.0,0.0
parliament,0.8114750000000001,0.0,0.6945620873617947,0.0,0.0,0.8526061551447182,0.0,0.0,0.0,0.0,0.0,0.0,0.0
commission,0.8114750000000001,0.0,0.6945620873617947,0.0,0.0,0.8526061551447182,0.0,0.0,0.0,0.0,0.0,0.0,0.0
warnings,1.0296121280000001,0.0,0.6945620873617947,0.0,0.0,0.8526061551447182,0.0,0.0,0.8147495109283812,5.44461813512171,0.0,3.692321918158591,0.0
migrants,0.8114750000000001,0.0,0.6945620873617947,0.0,0.0,0.8526061551447182,0.0,0.0,0.0,0.0,0.0,0.0,0.0
kvrx,0.8114750000000001,0.0,0.6945620873617947,0.0,0.0,0.8526061551447182,0.0,0.0,0.0,0.0,0.0,0.0,0.0
protecting,0.8114750000000001,0.0,0.6945620873617947,0.0,0.0,0.8526061551447182,0.0,0.0,0.0,0.0,0.0,0.0,0.0
gig,0.8114750000000001,0.0,0.6945620873617947,0.0,0.0,0.8526061551447182,0.0,0.0,0.0,0.0,0.0,0.0,0.0
institute,0.8114750000000001,0.0,0.6945620873617947,0.0,0.0,0.8526061551447182,0.0,0.0,0.0,0.0,0.0,0.0,0.0
hellas,0.8114750000000001,0.0,0.6945620873617947,0.0,0.0,0.8526061551447182,0.0,0.0,0.0,0.0,0.0,0.0,0.0
deals,0.8114750000000001,0.0,0.6945620873617947,0.0,0.0,0.8526061551447182,0.0,0.0,0.0,0.0,0.0,0.0,0.0
weaker,1.0469679972,0.0,0.6945620873617947,0.0,0.0,0.8526061551447182,0.0,0.0,1.201692956931141,5.44461813512171,0.0,3.9947344599755374,0.0
brussels,0.8114750000000001,0.0,0.6945620873617947,0.0,0.0,0.8526061551447182,0.0,0.0,0.0,0.0,0.0,0.0,0.0
hike,0.8114750000000001,0.0,0.6945620873617947,0.0,0.0,0.8526061551447182,0.0,0.0,0.0,0.0,0.0,0.0,0.0
slump,0.9292940000000001,0.0,0.6945620873617947,0.0,0.0,0.8526061551447182,0.0,0.0,0.0,5.44461813512171,0.0,0.0,0.0
thu,0.8114750000000001,0.0,0.6945620873617947,0.0,0.0,0.8526061551447182,0.0,0.0,0.0,0.0,0.0,0.0,0.0
jeremy,0.8114750000000001,0.0,0.6945620873617947,0.0,0.0,0.8526061551447182,0.0,0.0,0.0,0.0,0.0,0.0,0.0
recovering,0.7696850000000001,0.0,0.6945620873617947,0.0,1.931187600189581,0.8526061551447182,0.0,0.0,0.0,0.0,0.0,0.0,0.0
year's,0.8114750000000001,0.0,0.6945620873617947,0.0,0.0,0.8526061551447182,0.0,0.0,0.0,0.0,0.0,0.0,0.0
slowdown,0.8114750000000001,0.0,0.6945620873617947,0.0,0.0,0.8526061551447182,0.0,0.0,0.0,0.0,0.0,0.0,0.0
leader,0.79844,0.0,0.6945620873617947,0.0,1.931187600189581,0.8526061551447182,0.0,0.0,0.0,0.0,1.328817885701158,0.0,0.0
strengthening,0.9566817428000001,0.0,0.6945620873617947,0.0,0.0,0.8526061551447182,0.0,0.0,1.342212791628659,5.44461813512171,0.0,0.0,0.0
italy,0.8114750000000001,0.0,0.6945620873617947,0.0,0.0,0.8526061551447182,0.0,0.0,0.0,0.0,0.0,0.0,0.0
sterling,0.8114750000000001,0.0,0.6945620873617947,0.0,0.0,0.8526061551447182,0.0,0.0,0.0,0.0,0.0,0.0,0.0
commentary,0.8114750000000001,0.0,0.6945620873617947,0.0,0.0,0.8526061551447182,0.0,0.0,0.0,0.0,0.0,0.0,0.0
stability,0.9292940000000001,0.0,0.6945620873617947,0.0,0.0,0.8526061551447182,0.0,0.0,0.0,5.44461813512171,0.0,0.0,0.0
davis,0.8114750000000001,0.0,0.6945620873617947,0.0,0.0,0.8526061551447182,0.0,0.0,0.0,0.0,0.0,0.0,0.0
generating,0.86046,0.0,0.6945620873617947,0.0,0.0,0.8526061551447182,0.0,0.0,0.0,0.0,0.0,0.0,2.263680894838158
labour's,0.7696850000000001,0.0,0.6945620873617947,0.0,1.931187600189581,0.8526061551447182,0.0,0.0,0.0,0.0,0.0,0.0,0.0
syriza,0.8114750000000001,0.0,0.6945620873617947,0.0,0.0,0.8526061551447182,0.0,0.0,0.0,0.0,0.0,0.0,0.0
philip,0.8114750000000001,0.0,0.6945620873617947,0.0,0.0,0.8526061551447182,0.0,0.0,0.0,0.0,0.0,0.0,0.0
expand,0.9469388264,0.0,0.6945620873617947,0.0,0.0,0.8526061551447182,0.0,0.0,0.8748719247543293,5.44461813512171,0.0,0.0,0.0
borrowing,0.8114750000000001,0.0,0.6945620873617947,0.0,0.0,0.8526061551447182,0.0,0.0,0.0,0.0,0.0,0.0,0.0
0.4,0.8160865,0.0,0.6945620873617947,0.0,0.0,0.6611693999572,0.0,0.0,0.0,0.0,0.0,0.0,0.0
ecb,0.8114750000000001,0.0,0.6945620873617947,0.0,0.0,0.8526061551447182,0.0,0.0,0.0,0.0,0.0,0.0,0.0
tariffs,0.8114750000000001,0.0,0.6945620873617947,0.0,0.0,0.8526061551447182,0.0,0.0,0.0,0.0,0.0,0.0,0.0
ckdu,0.8114750000000001,0.0,0.6945620873617947,0.0,0.0,0.8526061551447182,0.0,0.0,0.0,0.0,0.0,0.0,0.0
emmanuel,0.8114750000000001,0.0,0.6945620873617947,0.0,0.0,0.8526061551447182,0.0,0.0,0.0,0.0,0.0,0.0,0.0
aired,0.8114750000000001,0.0,0.6945620873617947,0.0,0.0,0.8526061551447182,0.0,0.0,0.0,0.0,0.0,0.0,0.0
robust,0.95275918,0.0,0.6945620873617947,0.0,0.0,0.6611693999572,0.0,0.0,0.9337065755628411,5.44461813512171,0.0,0.0,0.0
en,0.8114750000000001,0.0,0.6945620873617947,0.0,0.0,0.8526061551447182,0.0,0.0,0.0,0.0,0.0,0.0,0.0
northern,0.8114750000000001,0.0,0.6945620873617947,0.0,0.0,0.8526061551447182,0.0,0.0,0.0,0.0,0.0,0.0,0.0
performing,0.7696850000000001,0.0,0.6945620873617947,0.0,1.931187600189581,0.8526061551447182,0.0,0.0,0.0,0.0,0.0,0.0,0.0
japan,0.84023,0.0,0.6945620873617947,0.0,0.0,0.8526061551447182,0.0,0.0,0.0,0.0,1.328817885701158,0.0,0.0
donald,0.8114750000000001,0.0,0.6945620873617947,0.0,0.0,0.8526061551447182,0.0,0.0,0.0,0.0,0.0,0.0,0.0
1.8,0.8160865,0.0,0.6945620873617947,0.0,0.0,0.6611693999572,0.0,0.0,0.0,0.0,0.0,0.0,0.0
importantly,0.9469388264,0.0,0.6945620873617947,0.0,0.0,0.8526061551447182,0.0,0.0,0.8748719247543293,5.44461813512171,0.0,0.0,0.0
john,0.8114750000000001,0.0,0.6945620873617947,0.0,0.0,0.8526061551447182,0.0,0.0,0.0,0.0,0.0,0.0,0.0
mps,0.8114750000000001,0.0,0.6945620873617947,0.0,0.0,0.8526061551447182,0.0,0.0,0.0,0.0,0.0,0.0,0.0
regulation,0.8114750000000001,0.0,0.6945620873617947,0.0,0.0,0.8526061551447182,0.0,0.0,0.0,0.0,0.0,0.0,0.0
zone,0.8114750000000001,0.0,0.6945620873617947,0.0,0.0,0.8526061551447182,0.0,0.0,0.0,0.0,0.0,0.0,0.0
households,0.8114750000000001,0.0,0.6945620873617947,0.0,0.0,0.8526061551447182,0.0,0.0,0.0,0.0,0.0,0.0,0.0
broader,0.8114750000000001,0.0,0.6945620873617947,0.0,0.0,0.8526061551447182,0.0,0.0,0.0,0.0,0.0,0.0,0.0
media,0.84023,0.0,0.6945620873617947,0.0,0.0,0.8526061551447182,0.0,0.0,0.0,0.0,1.328817885701158,0.0,0.0
weigh,0.8114750000000001,0.0,0.6945620873617947,0.0,0.0,0.8526061551447182,0.0,0.0,0.0,0.0,0.0,0.0,0.0
prosperity,0.9292940000000001,0.0,0.6945620873617947,0.0,0.0,0.8526061551447182,0.0,0.0,0.0,5.44461813512171,0.0,0.0,0.0
centre,0.8114750000000001,0.0,0.6945620873617947,0.0,0.0,0.8526061551447182,0.0,0.0,0.0,0.0,0.0,0.0,0.0
stocks,0.7696850000000001,0.0,0.6945620873617947,0.0,1.931187600189581,0.8526061551447182,0.0,0.0,0.0,0.0,0.0,0.0,0.0
emerging,0.8114750000000001,0.0,0.6945620873617947,0.0,0.0,0.8526061551447182,0.0,0.0,0.0,0.0,0.0,0.0,0.0
le,0.8114750000000001,0.0,0.6945620873617947,0.0,0.0,0.8526061551447182,0.0,0.0,0.0,0.0,0.0,0.0,0.0
customs,0.8114750000000001,0.0,0.6945620873617947,0.0,0.0,0.8526061551447182,0.0,0.0,0.0,0.0,0.0,0.0,0.0
squeeze,0.8114750000000001,0.0,0.6945620873617947,0.0,0.0,0.8526061551447182,0.0,0.0,0.0,0.0,0.0,0.0,0.0
may's,0.829921,0.0,0.6945620873617947,0.0,0.0,0.0,0.0,0.0,0.0,0.0,0.0,0.0,0.0
commitment,0.9504655736000001,0.0,0.6945620873617947,0.0,0.0,0.8526061551447182,0.0,0.0,1.0459042113883992,5.44461813512171,0.0,0.0,0.0
finances,0.7696850000000001,0.0,0.6945620873617947,0.0,1.931187600189581,0.8526061551447182,0.0,0.0,0.0,0.0,0.0,0.0,0.0
weaken,1.0446963495000001,0.0,0.6945620873617947,0.0,0.0,0.8526061551447182,0.0,0.0,1.1516507687071031,5.44461813512171,0.0,3.9566262927590654,0.0
grexit,0.8114750000000001,0.0,0.6945620873617947,0.0,0.0,0.8526061551447182,0.0,0.0,0.0,0.0,0.0,0.0,0.0
sluggish,1.0423405666999999,0.0,0.6945620873617947,0.0,0.0,0.8526061551447182,0.0,0.0,1.0995473918457503,5.44461813512171,0.0,3.9166390837265177,0.0
confident,0.9566817428000001,0.0,0.6945620873617947,0.0,0.0,0.8526061551447182,0.0,0.0,1.342212791628659,5.44461813512171,0.0,0.0,0.0
thrive,0.9292940000000001,0.0,0.6945620873617947,0.0,0.0,0.8526061551447182,0.0,0.0,0.0,5.44461813512171,0.0,0.0,0.0
organisation,0.8114750000000001,0.0,0.6945620873617947,0.0,0.0,0.8526061551447182,0.0,0.0,0.0,0.0,0.0,0.0,0.0
1.5,0.8160865,0.0,0.6945620873617947,0.0,0.0,0.6611693999572,0.0,0.0,0.0,0.0,0.0,0.0,0.0
leaked,1.0322804126,0.0,0.6945620873617947,0.0,0.0,0.8526061551447182,0.0,0.0,0.8748719247543293,5.44461813512171,0.0,3.740502916468887,0.0
lowest,1.0399246874,0.0,0.6945620873617947,0.0,0.0,0.8526061551447182,0.0,0.0,1.0459042113883992,5.44461813512171,0.0,3.875136422772818,0.0
gr,0.8114750000000001,0.0,0.6945620873617947,0.0,0.0,0.8526061551447182,0.0,0.0,0.0,0.0,0.0,0.0,0.0
arguing,1.0491795484,0.0,0.6945620873617947,0.0,0.0,0.8526061551447182,0.0,0.0,1.250214849836095,5.44461813512171,0.0,4.031410019087394,0.0
focused,0.9504655736000001,0.0,0.6945620873617947,0.0,0.0,0.8526061551447182,0.0,0.0,1.0459042113883992,5.44461813512171,0.0,0.0,0.0
fare,0.8114750000000001,0.0,0.6945620873617947,0.0,0.0,0.8526061551447182,0.0,0.0,0.0,0.0,0.0,0.0,0.0
highlights,0.8114750000000001,0.0,0.6945620873617947,0.0,0.0,0.8526061551447182,0.0,0.0,0.0,0.0,0.0,0.0,0.0
policymakers,0.8114750000000001,0.0,0.6945620873617947,0.0,0.0,0.8526061551447182,0.0,0.0,0.0,0.0,0.0,0.0,0.0
retail,0.8114750000000001,0.0,0.6945620873617947,0.0,0.0,0.8526061551447182,0.0,0.0,0.0,0.0,0.0,0.0,0.0
supporters,0.9537150608,0.0,0.6945620873617947,0.0,0.0,0.8526061551447182,0.0,0.0,1.201692956931141,5.44461813512171,0.0,0.0,0.0
johnson,0.8114750000000001,0.0,0.6945620873617947,0.0,0.0,0.8526061551447182,0.0,0.0,0.0,0.0,0.0,0.0,0.0
wcrx,0.8114750000000001,0.0,0.6945620873617947,0.0,0.0,0.8526061551447182,0.0,0.0,0.0,0.0,0.0,0.0,0.0
commons,0.8114750000000001,0.0,0.6945620873617947,0.0,0.0,0.8526061551447182,0.0,0.0,0.0,0.0,0.0,0.0,0.0
analysts,0.8114750000000001,0.0,0.6945620873617947,0.0,0.0,0.8526061551447182,0.0,0.0,0.0,0.0,0.0,0.0,0.0
mpc,0.8114750000000001,0.0,0.6945620873617947,0.0,0.0,0.8526061551447182,0.0,0.0,0.0,0.0,0.0,0.0,0.0
india,0.8114750000000001,0.0,0.6945620873617947,0.0,0.0,0.8526061551447182,0.0,0.0,0.0,0.0,0.0,0.0,0.0
lagging,1.0268717276000001,0.0,0.6945620873617947,0.0,0.0,0.8526061551447182,0.0,0.0,0.7527978421346976,5.44461813512171,0.0,3.642199734750355,0.0
potentially,0.7835195,0.0,0.6945620873617947,0.0,1.931187600189581,0.22943128826859488,0.0,0.0,0.0,0.0,0.0,0.0,0.0
g7,0.8114750000000001,0.0,0.6945620873617947,0.0,0.0,0.8526061551447182,0.0,0.0,0.0,0.0,0.0,0.0,0.0
ratings,0.8114750000000001,0.0,0.6945620873617947,0.0,0.0,0.8526061551447182,0.0,0.0,0.0,0.0,0.0,0.0,0.0
1970s,0.8160865,0.0,0.6945620873617947,0.0,0.0,0.6611693999572,0.0,0.0,0.0,0.0,0.0,0.0,0.0
shortage,1.02408325,0.0,0.6945620873617947,0.0,0.0,0.8526061551447182,0.0,0.0,0.6895622654238549,5.44461813512171,0.0,3.5905340624621354,0.0
reforms,0.8114750000000001,0.0,0.6945620873617947,0.0,0.0,0.8526061551447182,0.0,0.0,0.0,0.0,0.0,0.0,0.0
upgrades,0.8114750000000001,0.0,0.6945620873617947,0.0,0.0,0.8526061551447182,0.0,0.0,0.0,0.0,0.0,0.0,0.0
adjust,0.8114750000000001,0.0,0.6945620873617947,0.0,0.0,0.8526061551447182,0.0,0.0,0.0,0.0,0.0,0.0,0.0
tsipras,0.8114750000000001,0.0,0.6945620873617947,0.0,0.0,0.8526061551447182,0.0,0.0,0.0,0.0,0.0,0.0,0.0
michael,0.8114750000000001,0.0,0.6945620873617947,0.0,0.0,0.8526061551447182,0.0,0.0,0.0,0.0,0.0,0.0,0.0
hints,0.86046,0.0,0.6945620873617947,0.0,0.0,0.8526061551447182,0.0,0.0,0.0,0.0,0.0,0.0,2.263680894838158
blair's,0.8114750000000001,0.0,0.6945620873617947,0.0,0.0,0.8526061551447182,0.0,0.0,0.0,0.0,0.0,0.0,0.0
linked,0.8114750000000001,0.0,0.6945620873617947,0.0,0.0,0.8526061551447182,0.0,0.0,0.0,0.0,0.0,0.0,0.0
drag,1.0212346759,0.0,0.6945620873617947,0.0,0.0,0.8526061551447182,0.0,0.0,0.6247753362683536,5.44461813512171,0.0,3.537064089161585,0.0
reporting,0.827893,0.0,0.6945620873617947,0.0,1.931187600189581,0.4518749321348435,0.0,0.0,0.0,0.0,0.0,0.0,2.263680894838158
rely,0.8114750000000001,0.0,0.6945620873617947,0.0,0.0,0.8526061551447182,0.0,0.0,0.0,0.0,0.0,0.0,0.0
oecd,0.8114750000000001,0.0,0.6945620873617947,0.0,0.0,0.8526061551447182,0.0,0.0,0.0,0.0,0.0,0.0,0.0
collapse,1.0533983227000001,0.0,0.6945620873617947,0.0,0.0,0.8526061551447182,0.0,0.0,1.342212791628659,5.44461813512171,0.0,4.100214818045741,0.0
funding,0.8114750000000001,0.0,0.6945620873617947,0.0,0.0,0.8526061551447182,0.0,0.0,0.0,0.0,0.0,0.0,0.0
0.3,0.8160865,0.0,0.6945620873617947,0.0,0.0,0.6611693999572,0.0,0.0,0.0,0.0,0.0,0.0,0.0
stimulus,0.8114750000000001,0.0,0.6945620873617947,0.0,0.0,0.8526061551447182,0.0,0.0,0.0,0.0,0.0,0.0,0.0
crashed,0.8114750000000001,0.0,0.6945620873617947,0.0,0.0,0.8526061551447182,0.0,0.0,0.0,0.0,0.0,0.0,0.0
globalised,0.8114750000000001,0.0,0.6945620873617947,0.0,0.0,0.8526061551447182,0.0,0.0,0.0,0.0,0.0,0.0,0.0
pledged,0.7696850000000001,0.0,0.6945620873617947,0.0,1.931187600189581,0.8526061551447182,0.0,0.0,0.0,0.0,0.0,0.0,0.0
surveys,0.8114750000000001,0.0,0.6945620873617947,0.0,0.0,0.8526061551447182,0.0,0.0,0.0,0.0,0.0,0.0,0.0
0.2,0.8160865,0.0,0.6945620873617947,0.0,0.0,0.6611693999572,0.0,0.0,0.0,0.0,0.0,0.0,0.0
triggered,0.86046,0.0,0.6945620873617947,0.0,0.0,0.8526061551447182,0.0,0.0,0.0,0.0,0.0,0.0,2.263680894838158
socialist,0.84023,0.0,0.6945620873617947,0.0,0.0,0.8526061551447182,0.0,0.0,0.0,0.0,1.328817885701158,0.0,0.0
react,0.9292940000000001,0.0,0.6945620873617947,0.0,0.0,0.8526061551447182,0.0,0.0,0.0,5.44461813512171,0.0,0.0,0.0
government's,0.7696850000000001,0.0,0.6945620873617947,0.0,1.931187600189581,0.8526061551447182,0.0,0.0,0.0,0.0,0.0,0.0,0.0
priority,0.8114750000000001,0.0,0.6945620873617947,0.0,0.0,0.8526061551447182,0.0,0.0,0.0,0.0,0.0,0.0,0.0
asset,0.9493232624000001,0.0,0.6945620873617947,0.0,0.0,0.8526061551447182,0.0,0.0,0.9907152930340036,5.44461813512171,0.0,0.0,0.0
bn,0.8114750000000001,0.0,0.6945620873617947,0.0,0.0,0.8526061551447182,0.0,0.0,0.0,0.0,0.0,0.0,0.0
optimism,0.9593656196000001,0.0,0.6945620873617947,0.0,0.0,0.8526061551447182,0.0,0.0,1.4677844289525628,5.44461813512171,0.0,0.0,0.0
option,0.8114750000000001,0.0,0.6945620873617947,0.0,0.0,0.8526061551447182,0.0,0.0,0.0,0.0,0.0,0.0,0.0
osborne,0.8114750000000001,0.0,0.6945620873617947,0.0,0.0,0.8526061551447182,0.0,0.0,0.0,0.0,0.0,0.0,0.0
quarterly,0.8114750000000001,0.0,0.6945620873617947,0.0,0.0,0.8526061551447182,0.0,0.0,0.0,0.0,0.0,0.0,0.0
significantly,0.8114750000000001,0.0,0.6945620873617947,0.0,0.0,0.8526061551447182,0.0,0.0,0.0,0.0,0.0,0.0,0.0
spain's,0.8114750000000001,0.0,0.6945620873617947,0.0,0.0,0.8526061551447182,0.0,0.0,0.0,0.0,0.0,0.0,0.0
troika,0.8114750000000001,0.0,0.6945620873617947,0.0,0.0,0.8526061551447182,0.0,0.0,0.0,0.0,0.0,0.0,0.0
indicators,0.8114750000000001,0.0,0.6945620873617947,0.0,0.0,0.8526061551447182,0.0,0.0,0.0,0.0,0.0,0.0,0.0
consumption,0.8114750000000001,0.0,0.6945620873617947,0.0,0.0,0.8526061551447182,0.0,0.0,0.0,0.0,0.0,0.0,0.0
radio's,0.8114750000000001,0.0,0.6945620873617947,0.0,0.0,0.8526061551447182,0.0,0.0,0.0,0.0,0.0,0.0,0.0
turkey,0.8114750000000001,0.0,0.6945620873617947,0.0,0.0,0.8526061551447182,0.0,0.0,0.0,0.0,0.0,0.0,0.0
accelerating,0.8114750000000001,0.0,0.6945620873617947,0.0,0.0,0.8526061551447182,0.0,0.0,0.0,0.0,0.0,0.0,0.0
revised,0.8114750000000001,0.0,0.6945620873617947,0.0,0.0,0.8526061551447182,0.0,0.0,0.0,0.0,0.0,0.0,0.0
programmes,0.7696850000000001,0.0,0.6945620873617947,0.0,1.931187600189581,0.8526061551447182,0.0,0.0,0.0,0.0,0.0,0.0,0.0
pensions,0.7696850000000001,0.0,0.6945620873617947,0.0,1.931187600189581,0.8526061551447182,0.0,0.0,0.0,0.0,0.0,0.0,0.0
getty,0.8114750000000001,0.0,0.6945620873617947,0.0,0.0,0.8526061551447182,0.0,0.0,0.0,0.0,0.0,0.0,0.0
centrist,0.8114750000000001,0.0,0.6945620873617947,0.0,0.0,0.8526061551447182,0.0,0.0,0.0,0.0,0.0,0.0,0.0
presidential,0.7278950000000001,0.0,0.6945620873617947,0.0,3.1827019777391405,0.8526061551447182,0.0,0.0,0.0,0.0,0.0,0.0,0.0
ties,0.8114750000000001,0.0,0.6945620873617947,0.0,0.0,0.8526061551447182,0.0,0.0,0.0,0.0,0.0,0.0,0.0
english,0.8114750000000001,0.0,0.6945620873617947,0.0,0.0,0.8526061551447182,0.0,0.0,0.0,0.0,0.0,0.0,0.0
surge,0.9292940000000001,0.0,0.6945620873617947,0.0,0.0,0.8526061551447182,0.0,0.0,0.0,5.44461813512171,0.0,0.0,0.0
0.5,0.8160865,0.0,0.6945620873617947,0.0,0.0,0.6611693999572,0.0,0.0,0.0,0.0,0.0,0.0,0.0
bbc,0.8114750000000001,0.0,0.6945620873617947,0.0,0.0,0.8526061551447182,0.0,0.0,0.0,0.0,0.0,0.0,0.0
pa,0.8114750000000001,0.0,0.6945620873617947,0.0,0.0,0.8526061551447182,0.0,0.0,0.0,0.0,0.0,0.0,0.0
improving,0.9526670180000001,0.0,0.6945620873617947,0.0,0.0,0.8526061551447182,0.0,0.0,1.1516507687071031,5.44461813512171,0.0,0.0,0.0
1.7,0.8160865,0.0,0.6945620873617947,0.0,0.0,0.6611693999572,0.0,0.0,0.0,0.0,0.0,0.0,0.0
upbeat,0.9292940000000001,0.0,0.6945620873617947,0.0,0.0,0.8526061551447182,0.0,0.0,0.0,5.44461813512171,0.0,0.0,0.0
coalition,0.7696850000000001,0.0,0.6945620873617947,0.0,1.931187600189581,0.8526061551447182,0.0,0.0,0.0,0.0,0.0,0.0,0.0
failing,1.0136155458,0.0,0.6945620873617947,0.0,1.931187600189581,0.8526061551447182,0.0,0.0,1.3857135167866819,5.44461813512171,0.0,4.1324194516304384,0.0
tech,0.8114750000000001,0.0,0.6945620873617947,0.0,0.0,0.8526061551447182,0.0,0.0,0.0,0.0,0.0,0.0,0.0
favour,0.9537150608,0.0,0.6945620873617947,0.0,0.0,0.8526061551447182,0.0,0.0,1.201692956931141,5.44461813512171,0.0,0.0,0.0
asian,0.8114750000000001,0.0,0.6945620873617947,0.0,0.0,0.8526061551447182,0.0,0.0,0.0,0.0,0.0,0.0,0.0
suggesting,0.8684810000000001,0.0,0.6945620873617947,0.0,0.0,0.4518749321348435,2.2081344125355047,0.0,0.0,0.0,0.0,0.0,0.0
populations,0.8114750000000001,0.0,0.6945620873617947,0.0,0.0,0.8526061551447182,0.0,0.0,0.0,0.0,0.0,0.0,0.0
solutions,0.9391589108,0.0,0.6945620873617947,0.0,0.0,0.8526061551447182,0.0,0.0,0.49194877414645183,5.44461813512171,0.0,0.0,0.0
cyprus,0.8114750000000001,0.0,0.6945620873617947,0.0,0.0,0.8526061551447182,0.0,0.0,0.0,0.0,0.0,0.0,0.0
poses,0.8114750000000001,0.0,0.6945620873617947,0.0,0.0,0.8526061551447182,0.0,0.0,0.0,0.0,0.0,0.0,0.0
restore,0.9457077920000001,0.0,0.6945620873617947,0.0,0.0,0.8526061551447182,0.0,0.0,0.8147495109283812,5.44461813512171,0.0,0.0,0.0
fastest-growing,1.032082,0.0,1.1446760164015142,0.0,0.0,0.8526061551447182,0.0,0.0,0.0,8.973026186055224,0.0,0.0,0.0
shrink,0.8114750000000001,0.0,0.6945620873617947,0.0,0.0,0.8526061551447182,0.0,0.0,0.0,0.0,0.0,0.0,0.0
partners,0.8114750000000001,0.0,0.6945620873617947,0.0,0.0,0.8526061551447182,0.0,0.0,0.0,0.0,0.0,0.0,0.0
cooperation,0.9292940000000001,0.0,0.6945620873617947,0.0,0.0,0.8526061551447182,0.0,0.0,0.0,5.44461813512171,0.0,0.0,0.0
freedom,0.9646113788,0.0,0.6945620873617947,0.0,0.0,0.8526061551447182,0.0,0.0,1.7085023553561716,5.44461813512171,0.0,0.0,0.0
mcdonnell,0.8114750000000001,0.0,0.6945620873617947,0.0,0.0,0.8526061551447182,0.0,0.0,0.0,0.0,0.0,0.0,0.0
cbi,0.8114750000000001,0.0,0.6945620873617947,0.0,0.0,0.8526061551447182,0.0,0.0,0.0,0.0,0.0,0.0,0.0
inequality,0.9292940000000001,0.0,0.6945620873617947,0.0,0.0,0.8526061551447182,0.0,0.0,0.0,5.44461813512171,0.0,0.0,0.0
britons,0.8114750000000001,0.0,0.6945620873617947,0.0,0.0,0.8526061551447182,0.0,0.0,0.0,0.0,0.0,0.0,0.0
signaled,0.8114750000000001,0.0,0.6945620873617947,0.0,0.0,0.8526061551447182,0.0,0.0,0.0,0.0,0.0,0.0,0.0
values,0.9515801588,0.0,0.6945620873617947,0.0,0.0,0.8526061551447182,0.0,0.0,1.0995473918457503,5.44461813512171,0.0,0.0,0.0
offset,0.9292940000000001,0.0,0.6945620873617947,0.0,0.0,0.8526061551447182,0.0,0.0,0.0,5.44461813512171,0.0,0.0,0.0
enhanced,0.9292940000000001,0.0,0.6945620873617947,0.0,0.0,0.8526061551447182,0.0,0.0,0.0,5.44461813512171,0.0,0.0,0.0
borders,0.8114750000000001,0.0,0.6945620873617947,0.0,0.0,0.8526061551447182,0.0,0.0,0.0,0.0,0.0,0.0,0.0
japanese,0.84023,0.0,0.6945620873617947,0.0,0.0,0.8526061551447182,0.0,0.0,0.0,0.0,1.328817885701158,0.0,0.0
martin,0.8114750000000001,0.0,0.6945620873617947,0.0,0.0,0.8526061551447182,0.0,0.0,0.0,0.0,0.0,0.0,0.0
contributor,0.8114750000000001,0.0,0.6945620873617947,0.0,0.0,0.8526061551447182,0.0,0.0,0.0,0.0,0.0,0.0,0.0
prioritise,0.8114750000000001,0.0,0.6945620873617947,0.0,0.0,0.8526061551447182,0.0,0.0,0.0,0.0,0.0,0.0,0.0
booming,0.9292940000000001,0.0,0.6945620873617947,0.0,0.0,0.8526061551447182,0.0,0.0,0.0,5.44461813512171,0.0,0.0,0.0
document,0.84023,0.0,0.6945620873617947,0.0,0.0,0.8526061551447182,0.0,0.0,0.0,0.0,1.328817885701158,0.0,0.0
devastating,1.0719921798,0.0,0.6945620873617947,0.0,0.0,0.8526061551447182,0.0,0.0,1.7378091917211007,5.44461813512171,0.0,4.385577955861058,0.0
bloomberg,0.8114750000000001,0.0,0.6945620873617947,0.0,0.0,0.8526061551447182,0.0,0.0,0.0,0.0,0.0,0.0,0.0
pessimistic,1.0374487116,0.0,0.6945620873617947,0.0,0.0,0.8526061551447182,0.0,0.0,0.9907152930340036,5.44461813512171,0.0,3.832080127829919,0.0
taxation,0.7696850000000001,0.0,0.6945620873617947,0.0,1.931187600189581,0.8526061551447182,0.0,0.0,0.0,0.0,0.0,0.0,0.0
vulnerable,1.0212346759,0.0,0.6945620873617947,0.0,0.0,0.8526061551447182,0.0,0.0,0.6247753362683536,5.44461813512171,0.0,3.537064089161585,0.0
disruption,1.0374487116,0.0,0.6945620873617947,0.0,0.0,0.8526061551447182,0.0,0.0,0.9907152930340036,5.44461813512171,0.0,3.832080127829919,0.0
impacts,0.8114750000000001,0.0,0.6945620873617947,0.0,0.0,0.8526061551447182,0.0,0.0,0.0,0.0,0.0,0.0,0.0
agriculture,0.8114750000000001,0.0,0.6945620873617947,0.0,0.0,0.8526061551447182,0.0,0.0,0.0,0.0,0.0,0.0,0.0
professor,0.7696850000000001,0.0,0.6945620873617947,0.0,1.931187600189581,0.8526061551447182,0.0,0.0,0.0,0.0,0.0,0.0,0.0
photo,0.8114750000000001,0.0,0.6945620873617947,0.0,0.0,0.8526061551447182,0.0,0.0,0.0,0.0,0.0,0.0,0.0
bankers,0.8114750000000001,0.0,0.6945620873617947,0.0,0.0,0.8526061551447182,0.0,0.0,0.0,0.0,0.0,0.0,0.0
shifted,0.8114750000000001,0.0,0.6945620873617947,0.0,0.0,0.8526061551447182,0.0,0.0,0.0,0.0,0.0,0.0,0.0
no-deal,1.032082,0.0,1.1446760164015142,0.0,0.0,0.8526061551447182,0.0,0.0,0.0,8.973026186055224,0.0,0.0,0.0
people's,0.8114750000000001,0.0,0.6945620873617947,0.0,0.0,0.8526061551447182,0.0,0.0,0.0,0.0,0.0,0.0,0.0
tourism,0.8114750000000001,0.0,0.6945620873617947,0.0,0.0,0.8526061551447182,0.0,0.0,0.0,0.0,0.0,0.0,0.0
refugee,0.84023,0.0,0.6945620873617947,0.0,0.0,0.8526061551447182,0.0,0.0,0.0,0.0,1.328817885701158,0.0,0.0
students,0.7696850000000001,0.0,0.6945620873617947,0.0,1.931187600189581,0.8526061551447182,0.0,0.0,0.0,0.0,0.0,0.0,0.0
dip,0.8114750000000001,0.0,0.6945620873617947,0.0,0.0,0.8526061551447182,0.0,0.0,0.0,0.0,0.0,0.0,0.0
canada,0.8114750000000001,0.0,0.6945620873617947,0.0,0.0,0.8526061551447182,0.0,0.0,0.0,0.0,0.0,0.0,0.0
workforce,0.8114750000000001,0.0,0.6945620873617947,0.0,0.0,0.8526061551447182,0.0,0.0,0.0,0.0,0.0,0.0,0.0
cabinet,0.8114750000000001,0.0,0.6945620873617947,0.0,0.0,0.8526061551447182,0.0,0.0,0.0,0.0,0.0,0.0,0.0
burdens,1.0374487116,0.0,0.6945620873617947,0.0,0.0,0.8526061551447182,0.0,0.0,0.9907152930340036,5.44461813512171,0.0,3.832080127829919,0.0
launches,0.8114750000000001,0.0,0.6945620873617947,0.0,0.0,0.8526061551447182,0.0,0.0,0.0,0.0,0.0,0.0,0.0
wealth,0.9566817428000001,0.0,0.6945620873617947,0.0,0.0,0.8526061551447182,0.0,0.0,1.342212791628659,5.44461813512171,0.0,0.0,0.0
flexibility,0.94814768,0.0,0.6945620873617947,0.0,0.0,0.8526061551447182,0.0,0.0,0.9337065755628411,5.44461813512171,0.0,0.0,0.0
george,0.8114750000000001,0.0,0.6945620873617947,0.0,0.0,0.8526061551447182,0.0,0.0,0.0,0.0,0.0,0.0,0.0
1.4,0.8160865,0.0,0.6945620873617947,0.0,0.0,0.6611693999572,0.0,0.0,0.0,0.0,0.0,0.0,0.0
reversing,0.8114750000000001,0.0,0.6945620873617947,0.0,0.0,0.8526061551447182,0.0,0.0,0.0,0.0,0.0,0.0,0.0
rolling,0.8114750000000001,0.0,0.6945620873617947,0.0,0.0,0.8526061551447182,0.0,0.0,0.0,0.0,0.0,0.0,0.0
dimitris,0.8114750000000001,0.0,0.6945620873617947,0.0,0.0,0.8526061551447182,0.0,0.0,0.0,0.0,0.0,0.0,0.0
optimistic,0.9469388264,0.0,0.6945620873617947,0.0,0.0,0.8526061551447182,0.0,0.0,0.8748719247543293,5.44461813512171,0.0,0.0,0.0
transitional,0.8114750000000001,0.0,0.6945620873617947,0.0,0.0,0.8526061551447182,0.0,0.0,0.0,0.0,0.0,0.0,0.0
innovation,0.9504655736000001,0.0,0.6945620873617947,0.0,0.0,0.8526061551447182,0.0,0.0,1.0459042113883992,5.44461813512171,0.0,0.0,0.0
pen,0.7696850000000001,0.0,0.6945620873617947,0.0,1.931187600189581,0.8526061551447182,0.0,0.0,0.0,0.0,0.0,0.0,0.0
discussing,0.8114750000000001,0.0,0.6945620873617947,0.0,0.0,0.8526061551447182,0.0,0.0,0.0,0.0,0.0,0.0,0.0
wto,0.8114750000000001,0.0,0.6945620873617947,0.0,0.0,0.8526061551447182,0.0,0.0,0.0,0.0,0.0,0.0,0.0
lord,0.8114750000000001,0.0,0.6945620873617947,0.0,0.0,0.8526061551447182,0.0,0.0,0.0,0.0,0.0,0.0,0.0
FALSE,0.9292940000000001,0.0,0.6945620873617947,0.0,0.0,0.8526061551447182,0.0,0.0,0.0,5.44461813512171,0.0,0.0,0.0
reserves,0.8114750000000001,0.0,0.6945620873617947,0.0,0.0,0.8526061551447182,0.0,0.0,0.0,0.0,0.0,0.0,0.0
tank,0.8114750000000001,0.0,0.6945620873617947,0.0,0.0,0.8526061551447182,0.0,0.0,0.0,0.0,0.0,0.0,0.0
startups,0.8114750000000001,0.0,0.6945620873617947,0.0,0.0,0.8526061551447182,0.0,0.0,0.0,0.0,0.0,0.0,0.0
dynamism,0.9504655736000001,0.0,0.6945620873617947,0.0,0.0,0.8526061551447182,0.0,0.0,1.0459042113883992,5.44461813512171,0.0,0.0,0.0
cliff,0.8114750000000001,0.0,0.6945620873617947,0.0,0.0,0.8526061551447182,0.0,0.0,0.0,0.0,0.0,0.0,0.0
realised,0.8114750000000001,0.0,0.6945620873617947,0.0,0.0,0.8526061551447182,0.0,0.0,0.0,0.0,0.0,0.0,0.0
undermining,1.0374487116,0.0,0.6945620873617947,0.0,0.0,0.8526061551447182,0.0,0.0,0.9907152930340036,5.44461813512171,0.0,3.832080127829919,0.0
announce,0.8114750000000001,0.0,0.6945620873617947,0.0,0.0,0.8526061551447182,0.0,0.0,0.0,0.0,0.0,0.0,0.0
shocks,1.0399246874,0.0,0.6945620873617947,0.0,0.0,0.8526061551447182,0.0,0.0,1.0459042113883992,5.44461813512171,0.0,3.875136422772818,0.0
agenda,0.8114750000000001,0.0,0.6945620873617947,0.0,0.0,0.8526061551447182,0.0,0.0,0.0,0.0,0.0,0.0,0.0
recognise,0.8114750000000001,0.0,0.6945620873617947,0.0,0.0,0.8526061551447182,0.0,0.0,0.0,0.0,0.0,0.0,0.0
produces,0.81867,0.0,0.6945620873617947,0.0,1.931187600189581,0.8526061551447182,0.0,0.0,0.0,0.0,0.0,0.0,2.263680894838158
pursuing,0.8114750000000001,0.0,0.6945620873617947,0.0,0.0,0.8526061551447182,0.0,0.0,0.0,0.0,0.0,0.0,0.0
1.6,0.8160865,0.0,0.6945620873617947,0.0,0.0,0.6611693999572,0.0,0.0,0.0,0.0,0.0,0.0,0.0
nick,0.8114750000000001,0.0,0.6945620873617947,0.0,0.0,0.8526061551447182,0.0,0.0,0.0,0.0,0.0,0.0,0.0
rein,0.8114750000000001,0.0,0.6945620873617947,0.0,0.0,0.8526061551447182,0.0,0.0,0.0,0.0,0.0,0.0,0.0
pmi,0.8114750000000001,0.0,0.6945620873617947,0.0,0.0,0.8526061551447182,0.0,0.0,0.0,0.0,0.0,0.0,0.0
0.6,0.8160865,0.0,0.6945620873617947,0.0,0.0,0.6611693999572,0.0,0.0,0.0,0.0,0.0,0.0,0.0
expecting,0.869683,0.0,0.6945620873617947,0.0,0.0,0.4518749321348435,0.0,0.0,0.0,0.0,0.0,0.0,2.263680894838158
severely,1.0491795484,0.0,0.6945620873617947,0.0,0.0,0.8526061551447182,0.0,0.0,1.250214849836095,5.44461813512171,0.0,4.031410019087394,0.0
mayor,0.8114750000000001,0.0,0.6945620873617947,0.0,0.0,0.8526061551447182,0.0,0.0,0.0,0.0,0.0,0.0,0.0
2.5,0.8160865,0.0,0.6945620873617947,0.0,0.0,0.6611693999572,0.0,0.0,0.0,0.0,0.0,0.0,0.0
initially,0.8114750000000001,0.0,0.6945620873617947,0.0,0.0,0.8526061551447182,0.0,0.0,0.0,0.0,0.0,0.0,0.0
feared,1.0533983227000001,0.0,0.6945620873617947,0.0,0.0,0.8526061551447182,0.0,0.0,1.342212791628659,5.44461813512171,0.0,4.100214818045741,0.0
pwc,0.8114750000000001,0.0,0.6945620873617947,0.0,0.0,0.8526061551447182,0.0,0.0,0.0,0.0,0.0,0.0,0.0
tackle,0.8114750000000001,0.0,0.6945620873617947,0.0,0.0,0.8526061551447182,0.0,0.0,0.0,0.0,0.0,0.0,0.0
surprisingly,0.9457077920000001,0.0,0.6945620873617947,0.0,0.0,0.8526061551447182,0.0,0.0,0.8147495109283812,5.44461813512171,0.0,0.0,0.0
ongoing,0.8114750000000001,0.0,0.6945620873617947,0.0,0.0,0.8526061551447182,0.0,0.0,0.0,0.0,0.0,0.0,0.0
barriers,0.8114750000000001,0.0,0.6945620873617947,0.0,0.0,0.8526061551447182,0.0,0.0,0.0,0.0,0.0,0.0,0.0
purchases,0.8114750000000001,0.0,0.6945620873617947,0.0,0.0,0.8526061551447182,0.0,0.0,0.0,0.0,0.0,0.0,0.0
transform,0.8114750000000001,0.0,0.6945620873617947,0.0,0.0,0.8526061551447182,0.0,0.0,0.0,0.0,0.0,0.0,0.0
reinforced,0.8114750000000001,0.0,0.6945620873617947,0.0,0.0,0.8526061551447182,0.0,0.0,0.0,0.0,0.0,0.0,0.0
lows,1.0183500439,0.0,0.6945620873617947,0.0,0.0,0.8526061551447182,0.0,0.0,0.5589918703728232,5.44461813512171,0.0,3.4822071788317284,0.0
adviser,0.7696850000000001,0.0,0.6945620873617947,0.0,1.931187600189581,0.8526061551447182,0.0,0.0,0.0,0.0,0.0,0.0,0.0
prompted,0.8114750000000001,0.0,0.6945620873617947,0.0,0.0,0.8526061551447182,0.0,0.0,0.0,0.0,0.0,0.0,0.0
opponent,0.9292940000000001,0.0,0.6945620873617947,0.0,0.0,0.8526061551447182,0.0,0.0,0.0,5.44461813512171,0.0,0.0,0.0
frustration,1.0513310031,0.0,0.6945620873617947,0.0,0.0,0.8526061551447182,0.0,0.0,1.2972255184947463,5.44461813512171,0.0,4.066688016569867,0.0
1.9,0.8160865,0.0,0.6945620873617947,0.0,0.0,0.6611693999572,0.0,0.0,0.0,0.0,0.0,0.0,0.0
avoiding,1.03490062,0.0,0.6945620873617947,0.0,0.0,0.8526061551447182,0.0,0.0,0.9337065755628411,5.44461813512171,0.0,3.787218259758127,0.0
longer-term,0.825199,0.0,1.1446760164015142,0.0,0.0,0.8526061551447182,0.0,0.0,0.0,0.0,1.328817885701158,0.0,0.0
adopt,0.9391589108,0.0,0.6945620873617947,0.0,0.0,0.8526061551447182,0.0,0.0,0.49194877414645183,5.44461813512171,0.0,0.0,0.0
integrated,0.8114750000000001,0.0,0.6945620873617947,0.0,0.0,0.8526061551447182,0.0,0.0,0.0,0.0,0.0,0.0,0.0
studies,0.7696850000000001,0.0,0.6945620873617947,0.0,1.931187600189581,0.8526061551447182,0.0,0.0,0.0,0.0,0.0,0.0,0.0
marginally,0.9292940000000001,0.0,0.6945620873617947,0.0,0.0,0.8526061551447182,0.0,0.0,0.0,5.44461813512171,0.0,0.0,0.0
cameron,0.8114750000000001,0.0,0.6945620873617947,0.0,0.0,0.8526061551447182,0.0,0.0,0.0,0.0,0.0,0.0,0.0
electoral,0.8114750000000001,0.0,0.6945620873617947,0.0,0.0,0.8526061551447182,0.0,0.0,0.0,0.0,0.0,0.0,0.0
hostile,1.0399246874,0.0,0.6945620873617947,0.0,0.0,0.8526061551447182,0.0,0.0,1.0459042113883992,5.44461813512171,0.0,3.875136422772818,0.0
party's,0.8114750000000001,0.0,0.6945620873617947,0.0,0.0,0.8526061551447182,0.0,0.0,0.0,0.0,0.0,0.0,0.0
defied,0.8114750000000001,0.0,0.6945620873617947,0.0,0.0,0.8526061551447182,0.0,0.0,0.0,0.0,0.0,0.0,0.0
foundation,0.86046,0.0,0.6945620873617947,0.0,0.0,0.8526061551447182,0.0,0.0,0.0,0.0,0.0,0.0,2.263680894838158
ihs,0.8114750000000001,0.0,0.6945620873617947,0.0,0.0,0.8526061551447182,0.0,0.0,0.0,0.0,0.0,0.0,0.0
ubs,0.8114750000000001,0.0,0.6945620873617947,0.0,0.0,0.8526061551447182,0.0,0.0,0.0,0.0,0.0,0.0,0.0
flag,0.8114750000000001,0.0,0.6945620873617947,0.0,0.0,0.8526061551447182,0.0,0.0,0.0,0.0,0.0,0.0,0.0
compensate,0.9292940000000001,0.0,0.6945620873617947,0.0,0.0,0.8526061551447182,0.0,0.0,0.0,5.44461813512171,0.0,0.0,0.0
underpins,0.8114750000000001,0.0,0.6945620873617947,0.0,0.0,0.8526061551447182,0.0,0.0,0.0,0.0,0.0,0.0,0.0
obr,0.8114750000000001,0.0,0.6945620873617947,0.0,0.0,0.8526061551447182,0.0,0.0,0.0,0.0,0.0,0.0,0.0
gap,0.8114750000000001,0.0,0.6945620873617947,0.0,0.0,0.8526061551447182,0.0,0.0,0.0,0.0,0.0,0.0,0.0
ftse,0.8114750000000001,0.0,0.6945620873617947,0.0,0.0,0.8526061551447182,0.0,0.0,0.0,0.0,0.0,0.0,0.0
acknowledges,0.86046,0.0,0.6945620873617947,0.0,0.0,0.8526061551447182,0.0,0.0,0.0,0.0,0.0,0.0,2.263680894838158
dire,1.0491795484,0.0,0.6945620873617947,0.0,0.0,0.8526061551447182,0.0,0.0,1.250214849836095,5.44461813512171,0.0,4.031410019087394,0.0
rebalancing,0.8114750000000001,0.0,0.6945620873617947,0.0,0.0,0.8526061551447182,0.0,0.0,0.0,0.0,0.0,0.0,0.0
reliant,0.9363918560000001,0.0,0.6945620873617947,0.0,0.0,0.8526061551447182,0.0,0.0,0.35440904559815484,5.44461813512171,0.0,0.0,0.0
prepares,0.8114750000000001,0.0,0.6945620873617947,0.0,0.0,0.8526061551447182,0.0,0.0,0.0,0.0,0.0,0.0,0.0
ministry,0.8114750000000001,0.0,0.6945620873617947,0.0,0.0,0.8526061551447182,0.0,0.0,0.0,0.0,0.0,0.0,0.0
snp,0.8114750000000001,0.0,0.6945620873617947,0.0,0.0,0.8526061551447182,0.0,0.0,0.0,0.0,0.0,0.0,0.0
fox,0.8114750000000001,0.0,0.6945620873617947,0.0,0.0,0.8526061551447182,0.0,0.0,0.0,0.0,0.0,0.0,0.0
staying,0.8114750000000001,0.0,0.6945620873617947,0.0,0.0,0.8526061551447182,0.0,0.0,0.0,0.0,0.0,0.0,0.0
slack,0.9292940000000001,0.0,0.6945620873617947,0.0,0.0,0.8526061551447182,0.0,0.0,0.0,5.44461813512171,0.0,0.0,0.0
territory,0.84023,0.0,0.6945620873617947,0.0,0.0,0.8526061551447182,0.0,0.0,0.0,0.0,1.328817885701158,0.0,0.0
lloyds,0.8114750000000001,0.0,0.6945620873617947,0.0,0.0,0.8526061551447182,0.0,0.0,0.0,0.0,0.0,0.0,0.0
berlin,0.8114750000000001,0.0,0.6945620873617947,0.0,0.0,0.8526061551447182,0.0,0.0,0.0,0.0,0.0,0.0,0.0
hitting,0.8114750000000001,0.0,0.6945620873617947,0.0,0.0,0.8526061551447182,0.0,0.0,0.0,0.0,0.0,0.0,0.0
peers,0.8114750000000001,0.0,0.6945620873617947,0.0,0.0,0.8526061551447182,0.0,0.0,0.0,0.0,0.0,0.0,0.0
models,0.8114750000000001,0.0,0.6945620873617947,0.0,0.0,0.8526061551447182,0.0,0.0,0.0,0.0,0.0,0.0,0.0
transport,0.9292940000000001,0.0,0.6945620873617947,0.0,0.0,0.8526061551447182,0.0,0.0,0.0,5.44461813512171,0.0,0.0,0.0
accounting,0.8114750000000001,0.0,0.6945620873617947,0.0,0.0,0.8526061551447182,0.0,0.0,0.0,0.0,0.0,0.0,0.0
activist,0.9292940000000001,0.0,0.6945620873617947,0.0,0.0,0.8526061551447182,0.0,0.0,0.0,5.44461813512171,0.0,0.0,0.0
dampen,0.8114750000000001,0.0,0.6945620873617947,0.0,0.0,0.8526061551447182,0.0,0.0,0.0,0.0,0.0,0.0,0.0
opinion,0.94774,0.0,0.6945620873617947,0.0,0.0,0.0,0.0,0.0,0.0,5.44461813512171,0.0,0.0,0.0
confounding,0.9292940000000001,0.0,0.6945620873617947,0.0,0.0,0.8526061551447182,0.0,0.0,0.0,5.44461813512171,0.0,0.0,0.0
parliamentary,0.8114750000000001,0.0,0.6945620873617947,0.0,0.0,0.8526061551447182,0.0,0.0,0.0,0.0,0.0,0.0,0.0
renewed,0.8114750000000001,0.0,0.6945620873617947,0.0,0.0,0.8526061551447182,0.0,0.0,0.0,0.0,0.0,0.0,0.0
america,0.84023,0.0,0.6945620873617947,0.0,0.0,0.8526061551447182,0.0,0.0,0.0,0.0,1.328817885701158,0.0,0.0
defence,0.9349889204,0.0,0.6945620873617947,0.0,0.0,0.8526061551447182,0.0,0.0,0.2844960087866589,5.44461813512171,0.0,0.0,0.0
corruption,0.9292940000000001,0.0,0.6945620873617947,0.0,0.0,0.8526061551447182,0.0,0.0,0.0,5.44461813512171,0.0,0.0,0.0
0.7,0.8160865,0.0,0.6945620873617947,0.0,0.0,0.6611693999572,0.0,0.0,0.0,0.0,0.0,0.0,0.0
radical,0.9292940000000001,0.0,0.6945620873617947,0.0,0.0,0.8526061551447182,0.0,0.0,0.0,5.44461813512171,0.0,0.0,0.0
ballot,0.8114750000000001,0.0,0.6945620873617947,0.0,0.0,0.8526061551447182,0.0,0.0,0.0,0.0,0.0,0.0,0.0
mid,0.8114750000000001,0.0,0.6945620873617947,0.0,0.0,0.8526061551447182,0.0,0.0,0.0,0.0,0.0,0.0,0.0
dup,0.8114750000000001,0.0,0.6945620873617947,0.0,0.0,0.8526061551447182,0.0,0.0,0.0,0.0,0.0,0.0,0.0
overhaul,0.8114750000000001,0.0,0.6945620873617947,0.0,0.0,0.8526061551447182,0.0,0.0,0.0,0.0,0.0,0.0,0.0
remainers,0.8114750000000001,0.0,0.6945620873617947,0.0,0.0,0.8526061551447182,0.0,0.0,0.0,0.0,0.0,0.0,0.0
departure,0.8114750000000001,0.0,0.6945620873617947,0.0,0.0,0.8526061551447182,0.0,0.0,0.0,0.0,0.0,0.0,0.0
fragility,0.8114750000000001,0.0,0.6945620873617947,0.0,0.0,0.8526061551447182,0.0,0.0,0.0,0.0,0.0,0.0,0.0
projections,0.8114750000000001,0.0,0.6945620873617947,0.0,0.0,0.8526061551447182,0.0,0.0,0.0,0.0,0.0,0.0,0.0
adds,0.8114750000000001,0.0,0.6945620873617947,0.0,0.0,0.8526061551447182,0.0,0.0,0.0,0.0,0.0,0.0,0.0
cautious,1.0063788211,0.0,0.6945620873617947,0.0,0.0,0.8526061551447182,0.0,0.0,0.2844960087866589,5.44461813512171,0.0,3.2469639493297557,0.0
ounce,0.8114750000000001,0.0,0.6945620873617947,0.0,0.0,0.8526061551447182,0.0,0.0,0.0,0.0,0.0,0.0,0.0
4.3,0.8160865,0.0,0.6945620873617947,0.0,0.0,0.6611693999572,0.0,0.0,0.0,0.0,0.0,0.0,0.0
today's,0.8114750000000001,0.0,0.6945620873617947,0.0,0.0,0.8526061551447182,0.0,0.0,0.0,0.0,0.0,0.0,0.0
cypriot,0.8114750000000001,0.0,0.6945620873617947,0.0,0.0,0.8526061551447182,0.0,0.0,0.0,0.0,0.0,0.0,0.0
boon,0.8114750000000001,0.0,0.6945620873617947,0.0,0.0,0.8526061551447182,0.0,0.0,0.0,0.0,0.0,0.0,0.0
twitter,0.8114750000000001,0.0,0.6945620873617947,0.0,0.0,0.8526061551447182,0.0,0.0,0.0,0.0,0.0,0.0,0.0
nationalised,0.8114750000000001,0.0,0.6945620873617947,0.0,0.0,0.8526061551447182,0.0,0.0,0.0,0.0,0.0,0.0,0.0
stabilised,0.8114750000000001,0.0,0.6945620873617947,0.0,0.0,0.8526061551447182,0.0,0.0,0.0,0.0,0.0,0.0,0.0
near-term,0.825199,0.0,1.1446760164015142,0.0,0.0,0.8526061551447182,0.0,0.0,0.0,0.0,1.328817885701158,0.0,0.0
wetherspoon,0.8114750000000001,0.0,0.6945620873617947,0.0,0.0,0.8526061551447182,0.0,0.0,0.0,0.0,0.0,0.0,0.0
underestimated,1.0268717276000001,0.0,0.6945620873617947,0.0,0.0,0.8526061551447182,0.0,0.0,0.7527978421346976,5.44461813512171,0.0,3.642199734750355,0.0
sixth-largest,0.796444,0.0,1.1446760164015142,0.0,0.0,0.8526061551447182,0.0,0.0,0.0,0.0,0.0,0.0,0.0
markit,0.8114750000000001,0.0,0.6945620873617947,0.0,0.0,0.8526061551447182,0.0,0.0,0.0,0.0,0.0,0.0,0.0
strategist,0.8114750000000001,0.0,0.6945620873617947,0.0,0.0,0.8526061551447182,0.0,0.0,0.0,0.0,0.0,0.0,0.0
khan,0.8114750000000001,0.0,0.6945620873617947,0.0,0.0,0.8526061551447182,0.0,0.0,0.0,0.0,0.0,0.0,0.0
equity,0.8114750000000001,0.0,0.6945620873617947,0.0,0.0,0.8526061551447182,0.0,0.0,0.0,0.0,0.0,0.0,0.0
free-trade,0.872473,0.0,1.1446760164015142,0.0,1.931187600189581,0.8526061551447182,0.0,0.0,0.0,5.44461813512171,0.0,0.0,0.0
republican,0.8114750000000001,0.0,0.6945620873617947,0.0,0.0,0.8526061551447182,0.0,0.0,0.0,0.0,0.0,0.0,0.0
snapshot,0.8114750000000001,0.0,0.6945620873617947,0.0,0.0,0.8526061551447182,0.0,0.0,0.0,0.0,0.0,0.0,0.0
harmed,1.0513310031,0.0,0.6945620873617947,0.0,0.0,0.8526061551447182,0.0,0.0,1.2972255184947463,5.44461813512171,0.0,4.066688016569867,0.0
disastrous,1.0660786842,0.0,0.6945620873617947,0.0,0.0,0.8526061551447182,0.0,0.0,1.6138641803093898,5.44461813512171,0.0,4.2979544243560746,0.0
downgraded,0.8114750000000001,0.0,0.6945620873617947,0.0,0.0,0.8526061551447182,0.0,0.0,0.0,0.0,0.0,0.0,0.0
dublin,0.8114750000000001,0.0,0.6945620873617947,0.0,0.0,0.8526061551447182,0.0,0.0,0.0,0.0,0.0,0.0,0.0
encourages,0.9537150608,0.0,0.6945620873617947,0.0,0.0,0.8526061551447182,0.0,0.0,1.201692956931141,5.44461813512171,0.0,0.0,0.0
rebuilding,0.8114750000000001,0.0,0.6945620873617947,0.0,0.0,0.8526061551447182,0.0,0.0,0.0,0.0,0.0,0.0,0.0
promotes,0.90635768,0.0,0.6945620873617947,0.0,1.931187600189581,0.8526061551447182,0.0,0.0,0.9337065755628411,5.44461813512171,0.0,0.0,0.0
welcomed,0.94814768,0.0,0.6945620873617947,0.0,0.0,0.8526061551447182,0.0,0.0,0.9337065755628411,5.44461813512171,0.0,0.0,0.0
manifesto,0.8114750000000001,0.0,0.6945620873617947,0.0,0.0,0.8526061551447182,0.0,0.0,0.0,0.0,0.0,0.0,0.0
venezuela,0.8114750000000001,0.0,0.6945620873617947,0.0,0.0,0.8526061551447182,0.0,0.0,0.0,0.0,0.0,0.0,0.0
two-year,0.825199,0.0,1.1446760164015142,0.0,0.0,0.8526061551447182,0.0,0.0,0.0,0.0,1.328817885701158,0.0,0.0
ditch,0.8114750000000001,0.0,0.6945620873617947,0.0,0.0,0.8526061551447182,0.0,0.0,0.0,0.0,0.0,0.0,0.0
2.4,0.8160865,0.0,0.6945620873617947,0.0,0.0,0.6611693999572,0.0,0.0,0.0,0.0,0.0,0.0,0.0
entrepreneurs,0.8114750000000001,0.0,0.6945620873617947,0.0,0.0,0.8526061551447182,0.0,0.0,0.0,0.0,0.0,0.0,0.0
ignore,1.0374487116,0.0,0.6945620873617947,0.0,0.0,0.8526061551447182,0.0,0.0,0.9907152930340036,5.44461813512171,0.0,3.832080127829919,0.0
committee's,0.8114750000000001,0.0,0.6945620873617947,0.0,0.0,0.8526061551447182,0.0,0.0,0.0,0.0,0.0,0.0,0.0
merkel,0.8114750000000001,0.0,0.6945620873617947,0.0,0.0,0.8526061551447182,0.0,0.0,0.0,0.0,0.0,0.0,0.0
rejects,1.0533983227000001,0.0,0.6945620873617947,0.0,0.0,0.8526061551447182,0.0,0.0,1.342212791628659,5.44461813512171,0.0,4.100214818045741,0.0
withdrawal,0.9307246616000001,0.0,0.6945620873617947,0.0,0.0,0.8526061551447182,0.0,0.0,0.07152911232415589,5.44461813512171,0.0,0.0,0.0
sixth,0.8114750000000001,0.0,0.6945620873617947,0.0,0.0,0.8526061551447182,0.0,0.0,0.0,0.0,0.0,0.0,0.0
insists,0.8114750000000001,0.0,0.6945620873617947,0.0,0.0,0.8526061551447182,0.0,0.0,0.0,0.0,0.0,0.0,0.0
hsbc,0.8114750000000001,0.0,0.6945620873617947,0.0,0.0,0.8526061551447182,0.0,0.0,0.0,0.0,0.0,0.0,0.0
chaos,1.0627733767,0.0,0.6945620873617947,0.0,0.0,0.8526061551447182,0.0,0.0,1.5438000332790076,5.44461813512171,0.0,4.24771268237617,0.0
pushing,0.8114750000000001,0.0,0.6945620873617947,0.0,0.0,0.8526061551447182,0.0,0.0,0.0,0.0,0.0,0.0,0.0
dropping,0.8114750000000001,0.0,0.6945620873617947,0.0,0.0,0.8526061551447182,0.0,0.0,0.0,0.0,0.0,0.0,0.0
cushion,0.8114750000000001,0.0,0.6945620873617947,0.0,0.0,0.8526061551447182,0.0,0.0,0.0,0.0,0.0,0.0,0.0
trusted,0.9557279684000001,0.0,0.6945620873617947,0.0,0.0,0.8526061551447182,0.0,0.0,1.2972255184947463,5.44461813512171,0.0,0.0,0.0
downward,0.8114750000000001,0.0,0.6945620873617947,0.0,0.0,0.8526061551447182,0.0,0.0,0.0,0.0,0.0,0.0,0.0
diversity,0.8114750000000001,0.0,0.6945620873617947,0.0,0.0,0.8526061551447182,0.0,0.0,0.0,0.0,0.0,0.0,0.0
slower,0.8114750000000001,0.0,0.6945620873617947,0.0,0.0,0.8526061551447182,0.0,0.0,0.0,0.0,0.0,0.0,0.0
tipping,0.8114750000000001,0.0,0.6945620873617947,0.0,0.0,0.8526061551447182,0.0,0.0,0.0,0.0,0.0,0.0,0.0
westminster,0.8114750000000001,0.0,0.6945620873617947,0.0,0.0,0.8526061551447182,0.0,0.0,0.0,0.0,0.0,0.0,0.0
presided,0.8114750000000001,0.0,0.6945620873617947,0.0,0.0,0.8526061551447182,0.0,0.0,0.0,0.0,0.0,0.0,0.0
overheat,0.8114750000000001,0.0,0.6945620873617947,0.0,0.0,0.8526061551447182,0.0,0.0,0.0,0.0,0.0,0.0,0.0
dangers,1.0533983227000001,0.0,0.6945620873617947,0.0,0.0,0.8526061551447182,0.0,0.0,1.342212791628659,5.44461813512171,0.0,4.100214818045741,0.0
italian,0.8114750000000001,0.0,0.6945620873617947,0.0,0.0,0.8526061551447182,0.0,0.0,0.0,0.0,0.0,0.0,0.0
sciences,0.7696850000000001,0.0,0.6945620873617947,0.0,1.931187600189581,0.8526061551447182,0.0,0.0,0.0,0.0,0.0,0.0,0.0
climate,0.8114750000000001,0.0,0.6945620873617947,0.0,0.0,0.8526061551447182,0.0,0.0,0.0,0.0,0.0,0.0,0.0
proving,0.8114750000000001,0.0,0.6945620873617947,0.0,0.0,0.8526061551447182,0.0,0.0,0.0,0.0,0.0,0.0,0.0
remind,0.8114750000000001,0.0,0.6945620873617947,0.0,0.0,0.8526061551447182,0.0,0.0,0.0,0.0,0.0,0.0,0.0
dutch,0.8114750000000001,0.0,0.6945620873617947,0.0,0.0,0.8526061551447182,0.0,0.0,0.0,0.0,0.0,0.0,0.0
competing,0.7696850000000001,0.0,0.6945620873617947,0.0,1.931187600189581,0.8526061551447182,0.0,0.0,0.0,0.0,0.0,0.0,0.0
davos,0.8114750000000001,0.0,0.6945620873617947,0.0,0.0,0.8526061551447182,0.0,0.0,0.0,0.0,0.0,0.0,0.0
nurses,0.8114750000000001,0.0,0.6945620873617947,0.0,0.0,0.8526061551447182,0.0,0.0,0.0,0.0,0.0,0.0,0.0
tony,0.8114750000000001,0.0,0.6945620873617947,0.0,0.0,0.8526061551447182,0.0,0.0,0.0,0.0,0.0,0.0,0.0
gradual,0.8114750000000001,0.0,0.6945620873617947,0.0,0.0,0.8526061551447182,0.0,0.0,0.0,0.0,0.0,0.0,0.0
troubling,1.0592156639,0.0,0.6945620873617947,0.0,0.0,0.8526061551447182,0.0,0.0,1.4677844289525628,5.44461813512171,0.0,4.192611995397765,0.0
mandate,0.8114750000000001,0.0,0.6945620873617947,0.0,0.0,0.8526061551447182,0.0,0.0,0.0,0.0,0.0,0.0,0.0
deputy,0.8114750000000001,0.0,0.6945620873617947,0.0,0.0,0.8526061551447182,0.0,0.0,0.0,0.0,0.0,0.0,0.0
softer,0.8114750000000001,0.0,0.6945620873617947,0.0,0.0,0.8526061551447182,0.0,0.0,0.0,0.0,0.0,0.0,0.0
tightening,0.8114750000000001,0.0,0.6945620873617947,0.0,0.0,0.8526061551447182,0.0,0.0,0.0,0.0,0.0,0.0,0.0
detrimental,0.9292940000000001,0.0,0.6945620873617947,0.0,0.0,0.8526061551447182,0.0,0.0,0.0,5.44461813512171,0.0,0.0,0.0
marine,0.8114750000000001,0.0,0.6945620873617947,0.0,0.0,0.8526061551447182,0.0,0.0,0.0,0.0,0.0,0.0,0.0
lending,0.8114750000000001,0.0,0.6945620873617947,0.0,0.0,0.8526061551447182,0.0,0.0,0.0,0.0,0.0,0.0,0.0
slashing,1.0268717276000001,0.0,0.6945620873617947,0.0,0.0,0.8526061551447182,0.0,0.0,0.7527978421346976,5.44461813512171,0.0,3.642199734750355,0.0
